Workbook

Sheet Протокол
A1: МИНИСТЕРСТВО НАУКИ И ВЫСШЕГО ОБРАЗОВАНИЯ РОССИЙСКОЙ ФЕДЕРАЦИИ Федеральное государственное бюджетное образовательное учреждение высшего образования «Тамбовский государственный технический университет»
I3: УТВЕРЖДАЮ:
I4: Проректор по научной работе
I5: Д.Ю. Муромцев
I6: « » 20 г.
A8: ПРОТОКОЛ № 1
A9: заседания экзаменационной комиссии по приему кандидатского экзамена
A10: от « » 20 г.
A13: Председатель комиссии:
A15: (фамилия, инициалы, ученая степень, ученое звание, должность)
A16: Члены комиссии:
A18: (фамилия, инициалы, ученая степень, ученое звание, должность)
A20: (фамилия, инициалы, ученая степень, ученое звание, должность)
A22: Прием кандидатского экзамена по научной специальности
A24: (шифр и наименование научной специальности, отрасль науки)
A26: по дисциплине
D27: (наименование дисциплины)
A29: СЛУШАЛИ
C30: (фамилия, имя, отчество экзаменуемого лица)
A31: На экзамене были заданы следующие вопросы:
A39: ПОСТАНОВИЛИ: | H39: сдал(а) экзамен с оценкой
D40: (фамилия, имя, отчество)
A42: Председатель комиссии
E43: (подпись) | I43: (фамилия, инициалы)
A45: Член комиссии
E46: (подпись) | I46: (фамилия, инициалы)
E48: (подпись) | I48: (фамилия, инициалы)

Sheet БД
A1: СЛУШАЛИ | B1: Прием кандидатского экзамена по дисциплине | C1: Направление | D1: Председатель комиссии: | E1: ФИО | F1: Члены комиссии №1: | G1: ФИО | H1: Члены комиссии №2: | I1: ФИО | J1: ПОСТАНОВИЛИ | K1: НАПРАВЛЕНИЕ
A2: АГАПОНОВА ДМИТРИЯ АНАТОЛЬЕВИЧА | B2: История и философия науки | C2: Состав комиссии (утверждён приказом ректора университета № 1/3-08 от 12 января 2026 г.) | D2: Медведев Н.В., доктор философских наук, профессор, профессор кафедры «История и философия» ФГБОУ ВО ТГУ им. Г.Р. Державина | E2: / Н.В. Медведев / | F2: Вязинкин А.Ю., кандидат философских наук, доцент, доцент кафедры «История и философия», заместитель председателя комиссии | G2: / А.Ю. Вязинкин / | H2: Кирякин А. В., кандидат философских наук, доцент кафедры «История и философия» | I2: / А.В. Кирякин / | J2: Агапонов Дмитрий Анатольевич | K2: 4.3.1 Технологии, машины и оборудование для агропромышленного комплекса
A3: АЛЬ СУДАНИ ЗАЙД АЛИ ХУССЕЙН | B3: Информатика и информационные процессы | C3: Состав комиссии (утверждён приказом ректора университета № 1/3-08 от 12 января 2026 г.) | D3: Громов Ю.Ю., доктор технических наук, профессор, директор института автоматики и информационных технологий | E3: / Ю.Ю. Громов / | F3: Тютюнник В.М., доктор технических наук, профессор, профессор кафедры «Конструирование радиоэлектронных и микропроцессорных систем» | G3: / В.М. Тютюнник / | H3: Минин Ю.В., кандидат технических наук, доцент, доцент кафедры «Информационные системы и защита информации» | I3: / Ю.В. Минин / | J3: Аль Судани Зайд Али Хуссейн | K3: 2.3.8. Информатика и информационные процессы (технические науки)
A4: АНТОНОВА ЕВГЕНИЯ АНДРЕЕВИЧА | B4: Радиотехника, в том числе системы и устройства телевидения | C4: Состав комиссии (утверждён приказом ректора университета № 1/3-08 от 12 января 2026 г.) | D4: Пудовкин А.П., доктор технических наук, профессор, зав. кафедрой «Радиотехника» | E4: / А.П. Пудовкин / | F4: Данилов С.Н., доктор технических наук, профессор, профессор кафедры «Радиотехника» | G4: / С.Н. Данилов / | H4: Иванов А.В., доктор технических наук, профессор, профессор кафедры «Радиотехника» | I4: / А.В. Иванов / | J4: Антонов Евгений Андреевич | K4: 2.2.13. Радиотехника, в том числе системы и устройства телевидения (технические науки)
A5: ЭЛЬБИЛТАДЖИ МАХМУД ХАТИМ САИД АХМЕД АБДИЛ ХАЛИМ | B5: Процессы и аппараты химических технологий | C5: Состав комиссии (утверждён приказом ректора университета № 1/3-08 от 12 января 2026 г.) | D5: Гатапова Н.Ц., доктор технических наук, профессор, зав. кафедрой «Технологические процессы, аппараты и техносферная безопасность» | E5: / Н.Ц. Гатапова / | F5: Туголуков Е.Н., доктор технических наук, профессор, профессор кафедры «Техника и технологии производства нанопродуктов» | G5: / Е.Н. Туголуков / | H5: Пахомов А.Н., доктор технических наук, доцент, доцент кафедры «Технологические процессы, аппараты и техносферная безопасность» | I5: / А.Н. Пахомов / | J5: Эльбилтаджи Махмуд Хатим Саид Ахмед Абдил Халим | K5: 2.6.13. Процессы и аппараты химических технологий (технические науки)
A6: ВОРОНКОВА РОМАНА ВЯЧЕСЛАВОВИЧА | B6: Автоматизация и управление технологическими процессами и производствами | C6: Состав комиссии (утверждён приказом ректора университета № 1/3-08 от 12 января 2026 г.) | D6: Матвейкин В.Г., доктор технических наук, профессор, зав. кафедрой «Информационные процессы и управление» | E6: / В.Г. Матвейкин / | F6: Дмитриевский Б.С., доктор технических наук, профессор, профессор кафедры «Информационные процессы и управление» | G6: / Б.С. Дмитриевский / | H6: Третьяков А.А., кандидат технических наук, доцент, доцент кафедры «Информационные процессы и управление» | I6: / А.А. Третьяков / | J6: Воронков Роман Вячеславович | K6: 2.3.3. Автоматизация и управление технологическими процессами и производствами (технические науки)
A7: ГРИГОРЬЕВА АНДРЕЯ АЛЕКСЕЕВИЧА | B7: Теоретико-исторические правовые науки | C7: Состав комиссии (утверждён приказом ректора университета № 1/3-08 от 12 января 2026 г.) | D7: Працко Г.С., доктор юридических наук, профессор, профессор кафедры «Теория и история государства и права» | E7: / Г.С. Працко / | F7: Марченко А.Н., кандидат юридических наук, доцент, доцент кафедры «Гражданское право и процесс» | G7: / А.Н. Марченко / | H7: Пугина О.А., кандидат юридических наук, доцент, доцент кафедры «Теория и история государства и права» | I7: / О.А. Пугина / | J7: Григорьев Андрей Алексеевич | K7: 5.1.1. Теоретико-исторические правовые науки (юридические науки)
A8: ДОЛГОВА ЕГОРА ПАВЛОВИЧА | B8: Приборы, системы и изделия медицинского назначения | C8: Состав комиссии (утверждён приказом ректора университета № 1/3-08 от 12 января 2026 г.) | D8: Фролов С.В., доктор технических наук, профессор, зав. кафедрой «Биомедицинская техника» | E8: / С.В. Фролов / | F8: Проскурин С.Г., доктор технических наук, доцент, профессор кафедры «Биомедицинская техника» | G8: / С.Г. Проскурин / | H8: Дубровин В.В., кандидат технических наук, доцент, доцент кафедры «Биомедицинская техника» | I8: / В.В. Дубровин / | J8: Долгов Егор Павлович | K8: 2.2.12. Приборы, системы и изделия медицинского назначения (технические науки)
A9: ЗВЕРЕВА МИХАИЛА ВАСИЛЬЕВИЧА | B9: Методы и приборы контроля и диагностики материалов, изделий, веществ и природной среды | C9: Состав комиссии (утверждён приказом ректора университета № 104/4-08 от 10 июня 2024 г.) | D9: Балабанов П.В., доктор технических наук, доцент, зав. кафедрой «Мехатроника и технологические измерения» | E9: / П.В. Балабанов / | F9: Дивин А.Г., доктор технических наук, профессор, профессор кафедры «Мехатроника и технологические измерения» | G9: / А.Г. Дивин / | H9: Пономарев С.В., доктор технических наук, профессор, профессор кафедры «Мехатроника и технологические измерения» | I9: / С.В. Пономарев / | J9: Зверев Михаил Васильевич | K9: 2.2.8. Методы и приборы контроля и диагностики материалов, изделий, веществ и природной среды (технические науки)
A10: КОНЕВА АНДРЕЯ ЮРЬЕВИЧА | B10: Технологии, машины и оборудование для агропромышленного комплекса | C10: Состав комиссии (утверждён приказом ректора университета № 104/4-08 от 10 июня 2024 г.) | D10: Ведищев С.М., доктор технических наук, профессор, зав. кафедрой «Агроинженерия» | E10: / С.М. Ведищев / | F10: Прохоров А.В., кандидат технических наук, доцент, доцент кафедры «Агроинженерия» | G10: / А.В. Прохоров / | H10: Брусенков А.В., кандидат технических наук, доцент, доцент кафедры «Агроинженерия» | I10: / А.В. Брусенков / | J10: Конев Андрей Юрьевич | K10: 4.3.1. Технологии, машины и оборудование для агропромышленного комплекса (технические науки)
A11: КОНЬКОВА ИЛЬЮ АЛЕКСЕЕВИЧА | B11: Теоретико-исторические правовые науки | C11: Состав комиссии (утверждён приказом ректора университета № 104/4-08 от 10 июня 2024 г.) | D11: Працко Г.С., доктор юридических наук, профессор, профессор кафедры «Теория и история государства и права» | E11: / Г.С. Працко / | F11: Марченко А.Н., кандидат юридических наук, доцент, доцент кафедры «Гражданское право и процесс» | G11: / А.Н. Марченко / | H11: Пугина О.А., кандидат юридических наук, доцент, доцент кафедры «Теория и история государства и права» | I11: / О.А. Пугина / | J11: Коньков Илья Алексеевич | K11: 5.1.1. Теоретико-исторические правовые науки (юридические науки)
A12: КРЫЛОВА АЛЕКСЕЯ ВИКТОРОВИЧА | B12: Технология электрохимических процессов и защита от коррозии | C12: Состав комиссии (утверждён приказом ректора университета № 104/4-08 от 10 июня 2024 г.) | D12: Лазарев С.И., доктор технических наук, профессор, директор научно-образовательного центра в области безотходных и малоотходных технологий | E12: / С.И. Лазарев / | F12: Абоносимов О.А., доктор технических наук, доцент, научный сотрудник научно-образовательного центра в области безотходных и малоотходных технологий | G12: / О.А. Абоносимов / | H12: Зарапина И.В., кандидат химических наук, доцент, доцент кафедры «Химия и химические технологии» | I12: / И.В. Зарапина / | J12: Крылов Алексей Викторович | K12: 2.6.9. Технология электрохимических процессов и защита от коррозии (технические науки)
A13: ЛИШНИХ МИХАИЛА АЛЕКСЕЕВИЧА | B13: Нанотехнологии и наноматериалы | C13: Состав комиссии (утверждён приказом ректора университета № 104/4-08 от 10 июня 2024 г.) | D13: Ткачев А.Г., доктор технических наук, профессор, зав. кафедрой «Техника и технологии производства нанопродуктов» | E13: / А.Г. Ткачев / | F13: Туголуков Е.Н., доктор технических наук, профессор, профессор кафедры «Техника и технологии производства нанопродуктов» | G13: / Е.Н. Туголуков / | H13: Буракова Е.А, доктор технических наук, доцент, доцент кафедры «Техника и технологии производства нанопродуктов» | I13: / Е.А Буракова / | J13: Лишних Михаил Алексеевич | K13: 2.6.6. Нанотехнологии и наноматериалы (технические науки)

Sheet Лист2
A1: Аль-Амери Саджа Нафеа Мохсин | B1: АХН21
A2: Рухов Антон Викторович | B2: АХН21
A3: Хан Юлиан Александрович | B3: АХН31
A4: Наякшин Дмитрий Андреевич | B4: АЗС11
A5: Баламутова Анна Андреевна | B5: АЗС11з
A6: Зотов Евгений Сергеевич | B6: АСТ11
A7: Кейта Яя | B7: АСТ21
A8: Хайдар Фарис | B8: АСТ21
A9: Аль-Накди Ибтехаль Абдулмонем Али | B9: АСТ31
A10: Путинцева Анастасия Александровна | B10: АСТ31
A11: Альджабуби Дхафер Зейд Мохаммед | B11: АСТ41
A12: Яровая Татьяна Сергеевна | B12: АСТ41
... A158: Подлеснов Владимир Ильич | B158: АИА21з

Sheet БД приказы
A1: ФИО Полностью - в дательном падеже | B1: Д | C1: М | D1: Г | E1: № | F1: Д | G1: М | H1: Г | I1: c (приказ №, дата) | J1: Д | K1: М | L1: Г | M1: № | N1: Д | O1: М | P1: Г | Q1: по (приказ №, дата) | R1: ФИО - Фамилия+инициалы
A2: ШЕЛЬ ЕВГЕНИИ ЮРЬЕВНЕ | B2: 01 | C2: сентября | D2: 16 | E2: 962-08 | F2: 19 | G2: августа | H2: 16 | I2: =CONCATENATE("« ",B2," » ",C2, " 20",D2," г. (приказ о зачислении № ",E2," от « ",F2," » ",G2," 20",H2," г.)") -> « 01 » сентября 2016 г. (приказ о зачислении № 962-08 от « 19 » августа 2016 г.) | J2: Дата | K2: Месяц | L2: Год | M2: ??? | N2: Дата | O2: Месяц | P2: Год | Q2: =CONCATENATE("« ",J2," » ",K2, " 20",L2," г. (приказ об отчислении № ",M2," от « ",N2," » ",O2," 20",P2," г.)") -> « Дата » Месяц 20Год г. (приказ об отчислении № ??? от « Дата » Месяц 20Год г.) | R2: Шель Евгения Юрьевна
A3: ДАНИШ АБДУЛ БАРЕЙ | B3: 31 | C3: октября | D3: 16 | E3: 1402-08 | F3: 31 | G3: октября | H3: 16 | I3: =CONCATENATE("« ",B3," » ",C3, " 20",D3," г. (приказ о зачислении № ",E3," от « ",F3," » ",G3," 20",H3," г.)") -> « 31 » октября 2016 г. (приказ о зачислении № 1402-08 от « 31 » октября 2016 г.) | J3: Дата | K3: Месяц | L3: Год | M3: ??? | N3: Дата | O3: Месяц | P3: Год | Q3: =CONCATENATE("« ",J3," » ",K3, " 20",L3," г. (приказ об отчислении № ",M3," от « ",N3," » ",O3," 20",P3," г.)") -> « Дата » Месяц 20Год г. (приказ об отчислении № ??? от « Дата » Месяц 20Год г.) | R3: Даниш Абдул Барей
A4: МЕРКУШЕВОЙ НАТАЛИИ ПАВЛОВНЕ | B4: 01 | C4: сентября | D4: 16 | E4: 962-08 | F4: 19 | G4: августа | H4: 16 | I4: =CONCATENATE("« ",B4," » ",C4, " 20",D4," г. (приказ о зачислении № ",E4," от « ",F4," » ",G4," 20",H4," г.)") -> « 01 » сентября 2016 г. (приказ о зачислении № 962-08 от « 19 » августа 2016 г.) | J4: Дата | K4: Месяц | L4: Год | M4: ??? | N4: Дата | O4: Месяц | P4: Год | Q4: =CONCATENATE("« ",J4," » ",K4, " 20",L4," г. (приказ об отчислении № ",M4," от « ",N4," » ",O4," 20",P4," г.)") -> « Дата » Месяц 20Год г. (приказ об отчислении № ??? от « Дата » Месяц 20Год г.) | R4: Меркушева Наталия Павловна
A5: СТРУЛЕВОЙ ИРИНЕ АЛЕКСАНДРОВНЕ | B5: 01 | C5: сентября | D5: 16 | E5: 962-08 | F5: 19 | G5: августа | H5: 16 | I5: =CONCATENATE("« ",B5," » ",C5, " 20",D5," г. (приказ о зачислении № ",E5," от « ",F5," » ",G5," 20",H5," г.)") -> « 01 » сентября 2016 г. (приказ о зачислении № 962-08 от « 19 » августа 2016 г.) | J5: Дата | K5: Месяц | L5: Год | M5: ??? | N5: Дата | O5: Месяц | P5: Год | Q5: =CONCATENATE("« ",J5," » ",K5, " 20",L5," г. (приказ об отчислении № ",M5," от « ",N5," » ",O5," 20",P5," г.)") -> « Дата » Месяц 20Год г. (приказ об отчислении № ??? от « Дата » Месяц 20Год г.) | R5: Струлева Ирина Александровна
A6: МАЗАЛОВУ АЛЕКСАНДРУ НИКОЛАЕВИЧУ | B6: 01 | C6: сентября | D6: 16 | E6: 962-08 | F6: 19 | G6: августа | H6: 16 | I6: =CONCATENATE("« ",B6," » ",C6, " 20",D6," г. (приказ о зачислении № ",E6," от « ",F6," » ",G6," 20",H6," г.)") -> « 01 » сентября 2016 г. (приказ о зачислении № 962-08 от « 19 » августа 2016 г.) | J6: Дата | K6: Месяц | L6: Год | M6: ??? | N6: Дата | O6: Месяц | P6: Год | Q6: =CONCATENATE("« ",J6," » ",K6, " 20",L6," г. (приказ об отчислении № ",M6," от « ",N6," » ",O6," 20",P6," г.)") -> « Дата » Месяц 20Год г. (приказ об отчислении № ??? от « Дата » Месяц 20Год г.) | R6: Мазалов Александр Николаевич
A7: МИНАЕВУ ЕВГЕНИЮ АНДРЕЕВИЧУ | B7: 01 | C7: сентября | D7: 16 | E7: 962-08 | F7: 19 | G7: августа | H7: 16 | I7: =CONCATENATE("« ",B7," » ",C7, " 20",D7," г. (приказ о зачислении № ",E7," от « ",F7," » ",G7," 20",H7," г.)") -> « 01 » сентября 2016 г. (приказ о зачислении № 962-08 от « 19 » августа 2016 г.) | J7: Дата | K7: Месяц | L7: Год | M7: ??? | N7: Дата | O7: Месяц | P7: Год | Q7: =CONCATENATE("« ",J7," » ",K7, " 20",L7," г. (приказ об отчислении № ",M7," от « ",N7," » ",O7," 20",P7," г.)") -> « Дата » Месяц 20Год г. (приказ об отчислении № ??? от « Дата » Месяц 20Год г.) | R7: Минаев Евгений Андреевич
A8: ТРЕФИЛОВУ ПАВЛУ АЛЕКСАНДРОВИЧУ | B8: 01 | C8: сентября | D8: 16 | E8: 962-08 | F8: 19 | G8: августа | H8: 16 | I8: =CONCATENATE("« ",B8," » ",C8, " 20",D8," г. (приказ о зачислении № ",E8," от « ",F8," » ",G8," 20",H8," г.)") -> « 01 » сентября 2016 г. (приказ о зачислении № 962-08 от « 19 » августа 2016 г.) | J8: Дата | K8: Месяц | L8: Год | M8: ??? | N8: Дата | O8: Месяц | P8: Год | Q8: =CONCATENATE("« ",J8," » ",K8, " 20",L8," г. (приказ об отчислении № ",M8," от « ",N8," » ",O8," 20",P8," г.)") -> « Дата » Месяц 20Год г. (приказ об отчислении № ??? от « Дата » Месяц 20Год г.) | R8: Трефилов Павел Александрович
A9: СЫЧЕВУ ВЛАДИСЛАВУ АНДРЕЕВИЧУ | B9: 01 | C9: сентября | D9: 16 | E9: 962-08 | F9: 19 | G9: августа | H9: 16 | I9: =CONCATENATE("« ",B9," » ",C9, " 20",D9," г. (приказ о зачислении № ",E9," от « ",F9," » ",G9," 20",H9," г.)") -> « 01 » сентября 2016 г. (приказ о зачислении № 962-08 от « 19 » августа 2016 г.) | J9: Дата | K9: Месяц | L9: Год | M9: ??? | N9: Дата | O9: Месяц | P9: Год | Q9: =CONCATENATE("« ",J9," » ",K9, " 20",L9," г. (приказ об отчислении № ",M9," от « ",N9," » ",O9," 20",P9," г.)") -> « Дата » Месяц 20Год г. (приказ об отчислении № ??? от « Дата » Месяц 20Год г.) | R9: Сычев Владислав Андреевич
A10: АЛИЕВУ НАРИМАН ЭЛЬШАН ОГЛЫ | B10: 01 | C10: сентября | D10: 16 | E10: 962-08 | F10: 19 | G10: августа | H10: 16 | I10: =CONCATENATE("« ",B10," » ",C10, " 20",D10," г. (приказ о зачислении № ",E10," от « ",F10," » ",G10," 20",H10," г.)") -> « 01 » сентября 2016 г. (приказ о зачислении № 962-08 от « 19 » августа 2016 г.) | J10: Дата | K10: Месяц | L10: Год | M10: ??? | N10: Дата | O10: Месяц | P10: Год | Q10: =CONCATENATE("« ",J10," » ",K10, " 20",L10," г. (приказ об отчислении № ",M10," от « ",N10," » ",O10," 20",P10," г.)") -> « Дата » Месяц 20Год г. (приказ об отчислении № ??? от « Дата » Месяц 20Год г.) | R10: Алиев Нариман Эльшан оглы
A11: ТРОФИМОВУ ДЕНИСУ ВАЛЕРЬЕВИЧУ | B11: 01 | C11: сентября | D11: 15 | E11: 1016-08 | F11: 18 | G11: августа | H11: 15 | I11: =CONCATENATE("« ",B11," » ",C11, " 20",D11," г. (приказ о зачислении № ",E11," от « ",F11," » ",G11," 20",H11," г.)") -> « 01 » сентября 2015 г. (приказ о зачислении № 1016-08 от « 18 » августа 2015 г.) | J11: Дата | K11: Месяц | L11: Год | M11: ??? | N11: Дата | O11: Месяц | P11: Год | Q11: =CONCATENATE("« ",J11," » ",K11, " 20",L11," г. (приказ об отчислении № ",M11," от « ",N11," » ",O11," 20",P11," г.)") -> « Дата » Месяц 20Год г. (приказ об отчислении № ??? от « Дата » Месяц 20Год г.) | R11: Трофимов Денис Валерьевич
A12: ГОРБУНОВОЙ АНАСТАСИИ ЮРЬЕВНЕ | B12: 01 | C12: сентября | D12: 16 | E12: 962-08 | F12: 19 | G12: августа | H12: 16 | I12: =CONCATENATE("« ",B12," » ",C12, " 20",D12," г. (приказ о зачислении № ",E12," от « ",F12," » ",G12," 20",H12," г.)") -> « 01 » сентября 2016 г. (приказ о зачислении № 962-08 от « 19 » августа 2016 г.) | J12: Дата | K12: Месяц | L12: Год | M12: ??? | N12: Дата | O12: Месяц | P12: Год | Q12: =CONCATENATE("« ",J12," » ",K12, " 20",L12," г. (приказ об отчислении № ",M12," от « ",N12," » ",O12," 20",P12," г.)") -> « Дата » Месяц 20Год г. (приказ об отчислении № ??? от « Дата » Месяц 20Год г.) | R12: Горбунова Анастасия Юрьевна
A13: ЯГУБОВУ ВИКТОРУ САХИБОВИЧУ | B13: 01 | C13: сентября | D13: 16 | E13: 962-08 | F13: 19 | G13: августа | H13: 16 | I13: =CONCATENATE("« ",B13," » ",C13, " 20",D13," г. (приказ о зачислении № ",E13," от « ",F13," » ",G13," 20",H13," г.)") -> « 01 » сентября 2016 г. (приказ о зачислении № 962-08 от « 19 » августа 2016 г.) | J13: Дата | K13: Месяц | L13: Год | M13: ??? | N13: Дата | O13: Месяц | P13: Год | Q13: =CONCATENATE("« ",J13," » ",K13, " 20",L13," г. (приказ об отчислении № ",M13," от « ",N13," » ",O13," 20",P13," г.)") -> « Дата » Месяц 20Год г. (приказ об отчислении № ??? от « Дата » Месяц 20Год г.) | R13: Ягубов Виктор Сахибович
... A22: СМОЛЬСКОМУ ГРИГОРИЮ ВЛАДИМИРОВИЧУ | B22: 01 | C22: сентября | D22: 16 | E22: 963-08 | F22: 19 | G22: августа | H22: 16 | I22: =CONCATENATE("« ",B22," » ",C22, " 20",D22," г. (приказ о зачислении № ",E22," от « ",F22," » ",G22," 20",H22," г.)") -> « 01 » сентября 2016 г. (приказ о зачислении № 963-08 от « 19 » августа 2016 г.) | J22: Дата | K22: Месяц | L22: Год | M22: ??? | N22: Дата | O22: Месяц | P22: Год | Q22: =CONCATENATE("« ",J22," » ",K22, " 20",L22," г. (приказ об отчислении № ",M22," от « ",N22," » ",O22," 20",P22," г.)") -> « Дата » Месяц 20Год г. (приказ об отчислении № ??? от « Дата » Месяц 20Год г.) | R22: Смольский Григорий Владимирович
A23: ДОБРОСОЦКОМУ НИКОЛАЮ ИВАНОВИЧУ | B23: 01 | C23: сентября | D23: 16 | E23: 964-08 | F23: 19 | G23: августа | H23: 16 | I23: =CONCATENATE("« ",B23," » ",C23, " 20",D23," г. (приказ о зачислении № ",E23," от « ",F23," » ",G23," 20",H23," г.)") -> « 01 » сентября 2016 г. (приказ о зачислении № 964-08 от « 19 » августа 2016 г.) | J23: 07 | K23: июля | L23: 20 | M23: 122/7-08 | N23: 07 | O23: июля | P23: 20 | Q23: =CONCATENATE("« ",J23," » ",K23, " 20",L23," г. (приказ об отчислении № ",M23," от « ",N23," » ",O23," 20",P23," г.)") -> « 07 » июля 2020 г. (приказ об отчислении № 122/7-08 от « 07 » июля 2020 г.) | R23: Добросоцкий Николай Иванович
A24: ФАРАХШИНОЙ ИРАИДЕ ВАЛЕРЬЕВНЕ | B24: 01 | C24: сентября | D24: 15 | E24: 1023-08 | F24: 21 | G24: августа | H24: 15 | I24: =CONCATENATE("« ",B24," » ",C24, " 20",D24," г. (приказ о зачислении № ",E24," от « ",F24," » ",G24," 20",H24," г.)") -> « 01 » сентября 2015 г. (приказ о зачислении № 1023-08 от « 21 » августа 2015 г.) | J24: 07 | K24: июля | L24: 20 | M24: 122/7-08 | N24: 07 | O24: июля | P24: 20 | Q24: =CONCATENATE("« ",J24," » ",K24, " 20",L24," г. (приказ об отчислении № ",M24," от « ",N24," » ",O24," 20",P24," г.)") -> « 07 » июля 2020 г. (приказ об отчислении № 122/7-08 от « 07 » июля 2020 г.) | R24: Фарахшина Ираида Валерьевна
A25: АЛФЕДЕЙЛАТ ФЕРАС М М | B25: 27 | C25: октября | D25: 17 | E25: 1286-08 | F25: 27 | G25: октября | H25: 17 | I25: =CONCATENATE("« ",B25," » ",C25, " 20",D25," г. (приказ о зачислении № ",E25," от « ",F25," » ",G25," 20",H25," г.)") -> « 27 » октября 2017 г. (приказ о зачислении № 1286-08 от « 27 » октября 2017 г.) | J25: Дата | K25: Месяц | L25: Год | M25: ??? | N25: Дата | O25: Месяц | P25: Год | Q25: =CONCATENATE("« ",J25," » ",K25, " 20",L25," г. (приказ об отчислении № ",M25," от « ",N25," » ",O25," 20",P25," г.)") -> « Дата » Месяц 20Год г. (приказ об отчислении № ??? от « Дата » Месяц 20Год г.) | R25: Алфедейлат Ферас М М
A26: КАРГАНОВОЙ АЛИНЕ ЮРЬЕВНЕ | B26: 01 | C26: сентября | D26: 17 | E26: 895-08 | F26: 31 | G26: августа | H26: 17 | I26: =CONCATENATE("« ",B26," » ",C26, " 20",D26," г. (приказ о зачислении № ",E26," от « ",F26," » ",G26," 20",H26," г.)") -> « 01 » сентября 2017 г. (приказ о зачислении № 895-08 от « 31 » августа 2017 г.) | J26: Дата | K26: Месяц | L26: Год | M26: ??? | N26: Дата | O26: Месяц | P26: Год | Q26: =CONCATENATE("« ",J26," » ",K26, " 20",L26," г. (приказ об отчислении № ",M26," от « ",N26," » ",O26," 20",P26," г.)") -> « Дата » Месяц 20Год г. (приказ об отчислении № ??? от « Дата » Месяц 20Год г.) | R26: Карганова Алина Юрьевна
A27: ЛАКОМКИНУ НИКИТЕ АЛЕКСЕЕВИЧУ | B27: 01 | C27: сентября | D27: 17 | E27: 895-08 | F27: 31 | G27: августа | H27: 17 | I27: =CONCATENATE("« ",B27," » ",C27, " 20",D27," г. (приказ о зачислении № ",E27," от « ",F27," » ",G27," 20",H27," г.)") -> « 01 » сентября 2017 г. (приказ о зачислении № 895-08 от « 31 » августа 2017 г.) | J27: Дата | K27: Месяц | L27: Год | M27: ??? | N27: Дата | O27: Месяц | P27: Год | Q27: =CONCATENATE("« ",J27," » ",K27, " 20",L27," г. (приказ об отчислении № ",M27," от « ",N27," » ",O27," 20",P27," г.)") -> « Дата » Месяц 20Год г. (приказ об отчислении № ??? от « Дата » Месяц 20Год г.) | R27: Лакомкин Никита Алексеевич
A28: СОСЮРЕ ДАНИИЛУ ДМИТРИЕВИЧУ | B28: 01 | C28: сентября | D28: 17 | E28: 895-08 | F28: 31 | G28: августа | H28: 17 | I28: =CONCATENATE("« ",B28," » ",C28, " 20",D28," г. (приказ о зачислении № ",E28," от « ",F28," » ",G28," 20",H28," г.)") -> « 01 » сентября 2017 г. (приказ о зачислении № 895-08 от « 31 » августа 2017 г.) | J28: Дата | K28: Месяц | L28: Год | M28: ??? | N28: Дата | O28: Месяц | P28: Год | Q28: =CONCATENATE("« ",J28," » ",K28, " 20",L28," г. (приказ об отчислении № ",M28," от « ",N28," » ",O28," 20",P28," г.)") -> « Дата » Месяц 20Год г. (приказ об отчислении № ??? от « Дата » Месяц 20Год г.) | R28: Сосюра Даниил Дмитриевич
A33: КОЗЛОВОЙ ЮЛИИ АЛЕКСЕЕВНЕ | B33: Дата | C33: Месяц | D33: Год | E33: ??? | F33: Дата | G33: Месяц | H33: Год | I33: =CONCATENATE("« ",B33," » ",C33, " 20",D33," г. (приказ о зачислении № ",E33," от « ",F33," » ",G33," 20",H33," г.)") -> « Дата » Месяц 20Год г. (приказ о зачислении № ??? от « Дата » Месяц 20Год г.) | J33: Дата | K33: Месяц | L33: Год | M33: ??? | N33: Дата | O33: Месяц | P33: Год | Q33: =CONCATENATE("« ",J33," » ",K33, " 20",L33," г. (приказ об отчислении № ",M33," от « ",N33," » ",O33," 20",P33," г.)") -> « Дата » Месяц 20Год г. (приказ об отчислении № ??? от « Дата » Месяц 20Год г.) | R33: Козлова Юлия Алексеевна
A34: СУХОРУКОВОЙ ТАТЬЯНЕ АЛЕКСАНДРОВНЕ | B34: Дата | C34: Месяц | D34: Год | E34: ??? | F34: Дата | G34: Месяц | H34: Год | I34: =CONCATENATE("« ",B34," » ",C34, " 20",D34," г. (приказ о зачислении № ",E34," от « ",F34," » ",G34," 20",H34," г.)") -> « Дата » Месяц 20Год г. (приказ о зачислении № ??? от « Дата » Месяц 20Год г.) | J34: Дата | K34: Месяц | L34: Год | M34: ??? | N34: Дата | O34: Месяц | P34: Год | Q34: =CONCATENATE("« ",J34," » ",K34, " 20",L34," г. (приказ об отчислении № ",M34," от « ",N34," » ",O34," 20",P34," г.)") -> « Дата » Месяц 20Год г. (приказ об отчислении № ??? от « Дата » Месяц 20Год г.) | R34: Сухорукова Татьяна Александровна
A35: СВИТАВСКОМУ ЕВГЕНИЮ ВАЛЕРЬЕВИЧУ | B35: Дата | C35: Месяц | D35: Год | E35: ??? | F35: Дата | G35: Месяц | H35: Год | I35: =CONCATENATE("« ",B35," » ",C35, " 20",D35," г. (приказ о зачислении № ",E35," от « ",F35," » ",G35," 20",H35," г.)") -> « Дата » Месяц 20Год г. (приказ о зачислении № ??? от « Дата » Месяц 20Год г.) | J35: Дата | K35: Месяц | L35: Год | M35: ??? | N35: Дата | O35: Месяц | P35: Год | Q35: =CONCATENATE("« ",J35," » ",K35, " 20",L35," г. (приказ об отчислении № ",M35," от « ",N35," » ",O35," 20",P35," г.)") -> « Дата » Месяц 20Год г. (приказ об отчислении № ??? от « Дата » Месяц 20Год г.) | R35: Свитавский Евгений Валерьевич
A36: АПРАКСИНОЙ ОЛЬГЕ НИКОЛАЕВНЕ | B36: Дата | C36: Месяц | D36: Год | E36: ??? | F36: Дата | G36: Месяц | H36: Год | I36: =CONCATENATE("« ",B36," » ",C36, " 20",D36," г. (приказ о зачислении № ",E36," от « ",F36," » ",G36," 20",H36," г.)") -> « Дата » Месяц 20Год г. (приказ о зачислении № ??? от « Дата » Месяц 20Год г.) | J36: Дата | K36: Месяц | L36: Год | M36: ??? | N36: Дата | O36: Месяц | P36: Год | Q36: =CONCATENATE("« ",J36," » ",K36, " 20",L36," г. (приказ об отчислении № ",M36," от « ",N36," » ",O36," 20",P36," г.)") -> « Дата » Месяц 20Год г. (приказ об отчислении № ??? от « Дата » Месяц 20Год г.) | R36: Апраксина Ольга Николаевна
A37: КАРТАШОВОЙ АЛЛЕ ГЕННАДЬЕВНЕ | B37: Дата | C37: Месяц | D37: Год | E37: ??? | F37: Дата | G37: Месяц | H37: Год | I37: =CONCATENATE("« ",B37," » ",C37, " 20",D37," г. (приказ о зачислении № ",E37," от « ",F37," » ",G37," 20",H37," г.)") -> « Дата » Месяц 20Год г. (приказ о зачислении № ??? от « Дата » Месяц 20Год г.) | J37: Дата | K37: Месяц | L37: Год | M37: ??? | N37: Дата | O37: Месяц | P37: Год | Q37: =CONCATENATE("« ",J37," » ",K37, " 20",L37," г. (приказ об отчислении № ",M37," от « ",N37," » ",O37," 20",P37," г.)") -> « Дата » Месяц 20Год г. (приказ об отчислении № ??? от « Дата » Месяц 20Год г.) | R37: Карташова Алла Геннадьевна
A38: СУОП КАМТО ПОЛИН | B38: Дата | C38: Месяц | D38: Год | E38: ??? | F38: Дата | G38: Месяц | H38: Год | I38: =CONCATENATE("« ",B38," » ",C38, " 20",D38," г. (приказ о зачислении № ",E38," от « ",F38," » ",G38," 20",H38," г.)") -> « Дата » Месяц 20Год г. (приказ о зачислении № ??? от « Дата » Месяц 20Год г.) | J38: Дата | K38: Месяц | L38: Год | M38: ??? | N38: Дата | O38: Месяц | P38: Год | Q38: =CONCATENATE("« ",J38," » ",K38, " 20",L38," г. (приказ об отчислении № ",M38," от « ",N38," » ",O38," 20",P38," г.)") -> « Дата » Месяц 20Год г. (приказ об отчислении № ??? от « Дата » Месяц 20Год г.) | R38: Суоп Камто Полин

Sheet БД направление
A1: ФИО Полностью - в дательном падеже | B1: ФИО | C1: Шифр | D1: Направление | E1: направление подготовки научно-педагогических кадров в аспирантуре | F1: Профиль | G1: по образовательной программе, соответствующей специальности научных работников | H1: Дисциплина профиля Б1.В.ОД.4
A2: ШЕЛЬ ЕВГЕНИИ ЮРЬЕВНЕ | B2: Шель Евгения Юрьевна | C2: 04.06.01 | D2: Химические науки | E2: =CONCATENATE(C2," ",D2) -> 04.06.01 Химические науки | F2: 04.06.01.01 | G2: =VLOOKUP(F2,'проф - дисц - спец'!$A:$E,5,0) -> 02.00.05 Электрохимия | H2: =VLOOKUP(F2,'проф - дисц - спец'!$A:$E,2,0) -> Электрохимия
A3: ДАНИШ АБДУЛ БАРЕЙ | B3: Даниш Абдул Барей | C3: 08.06.01 | D3: Техника и технология строительства | E3: =CONCATENATE(C3," ",D3) -> 08.06.01 Техника и технология строительства | F3: 08.06.01.01 | G3: =VLOOKUP(F3,'проф - дисц - спец'!$A:$E,5,0) -> 05.23.01 Строительные конструкции, здания и сооружения | H3: =VLOOKUP(F3,'проф - дисц - спец'!$A:$E,2,0) -> Строительные конструкции, здания и сооружения
A4: МЕРКУШЕВОЙ НАТАЛИИ ПАВЛОВНЕ | B4: Меркушева Наталия Павловна | C4: 08.06.01 | D4: Техника и технология строительства | E4: =CONCATENATE(C4," ",D4) -> 08.06.01 Техника и технология строительства | F4: 08.06.01.01 | G4: =VLOOKUP(F4,'проф - дисц - спец'!$A:$E,5,0) -> 05.23.01 Строительные конструкции, здания и сооружения | H4: =VLOOKUP(F4,'проф - дисц - спец'!$A:$E,2,0) -> Строительные конструкции, здания и сооружения
A5: КОЗЛОВОЙ ЮЛИИ АЛЕКСЕЕВНЕ | B5: Козлова Юлия Алексеевна | C5: 08.06.01 | D5: Техника и технология строительства | E5: =CONCATENATE(C5," ",D5) -> 08.06.01 Техника и технология строительства | F5: 08.06.01.02 | G5: =VLOOKUP(F5,'проф - дисц - спец'!$A:$E,5,0) -> 05.23.05 Строительные материалы и изделия | H5: =VLOOKUP(F5,'проф - дисц - спец'!$A:$E,2,0) -> Строительные материалы и изделия
A6: СТРУЛЕВОЙ ИРИНЕ АЛЕКСАНДРОВНЕ | B6: Струлева Ирина Александровна | C6: 08.06.01 | D6: Техника и технология строительства | E6: =CONCATENATE(C6," ",D6) -> 08.06.01 Техника и технология строительства | F6: 08.06.01.02 | G6: =VLOOKUP(F6,'проф - дисц - спец'!$A:$E,5,0) -> 05.23.05 Строительные материалы и изделия | H6: =VLOOKUP(F6,'проф - дисц - спец'!$A:$E,2,0) -> Строительные материалы и изделия
A7: МАЗАЛОВУ АЛЕКСАНДРУ НИКОЛАЕВИЧУ | B7: Мазалов Александр Николаевич | C7: 09.06.01 | D7: Информатика и вычислительная техника | E7: =CONCATENATE(C7," ",D7) -> 09.06.01 Информатика и вычислительная техника | F7: 09.06.01.05 | G7: =VLOOKUP(F7,'проф - дисц - спец'!$A:$E,5,0) -> 05.25.05 Информационные системы и процессы | H7: =VLOOKUP(F7,'проф - дисц - спец'!$A:$E,2,0) -> Информационные системы и процессы
A8: МИНАЕВУ ЕВГЕНИЮ АНДРЕЕВИЧУ | B8: Минаев Евгений Андреевич | C8: 09.06.01 | D8: Информатика и вычислительная техника | E8: =CONCATENATE(C8," ",D8) -> 09.06.01 Информатика и вычислительная техника | F8: 09.06.01.05 | G8: =VLOOKUP(F8,'проф - дисц - спец'!$A:$E,5,0) -> 05.25.05 Информационные системы и процессы | H8: =VLOOKUP(F8,'проф - дисц - спец'!$A:$E,2,0) -> Информационные системы и процессы
A9: ТРЕФИЛОВУ ПАВЛУ АЛЕКСАНДРОВИЧУ | B9: Трефилов Павел Александрович | C9: 09.06.01 | D9: Информатика и вычислительная техника | E9: =CONCATENATE(C9," ",D9) -> 09.06.01 Информатика и вычислительная техника | F9: 09.06.01.05 | G9: =VLOOKUP(F9,'проф - дисц - спец'!$A:$E,5,0) -> 05.25.05 Информационные системы и процессы | H9: =VLOOKUP(F9,'проф - дисц - спец'!$A:$E,2,0) -> Информационные системы и процессы
A10: СЫЧЕВУ ВЛАДИСЛАВУ АНДРЕЕВИЧУ | B10: Сычев Владислав Андреевич | C10: 12.06.01 | D10: Фотоника, приборостроение, оптические и биотехнические системы и технологии | E10: =CONCATENATE(C10," ",D10) -> 12.06.01 Фотоника, приборостроение, оптические и биотехнические системы и технологии | F10: 12.06.01.01 | G10: =VLOOKUP(F10,'проф - дисц - спец'!$A:$E,5,0) -> 05.11.13 Приборы и методы контроля природной среды, веществ, материалов и изделий | H10: =VLOOKUP(F10,'проф - дисц - спец'!$A:$E,2,0) -> Приборы и системы контроля природной среды, веществ, материалов и изделий
A11: АЛИЕВУ НАРИМАН ЭЛЬШАН ОГЛЫ | B11: Алиев Нариман Эльшан оглы | C11: 12.06.01 | D11: Фотоника, приборостроение, оптические и биотехнические системы и технологии | E11: =CONCATENATE(C11," ",D11) -> 12.06.01 Фотоника, приборостроение, оптические и биотехнические системы и технологии | F11: 12.06.01.02 | G11: =VLOOKUP(F11,'проф - дисц - спец'!$A:$E,5,0) -> 05.11.17 Приборы, системы и изделия медицинского назначения | H11: =VLOOKUP(F11,'проф - дисц - спец'!$A:$E,2,0) -> Приборы, системы, изделия медицинского назначения
A12: ТРОФИМОВУ ДЕНИСУ ВАЛЕРЬЕВИЧУ | B12: Трофимов Денис Валерьевич | C12: 12.06.01 | D12: Фотоника, приборостроение, оптические и биотехнические системы и технологии | E12: =CONCATENATE(C12," ",D12) -> 12.06.01 Фотоника, приборостроение, оптические и биотехнические системы и технологии | F12: 12.06.01.03 | G12: =VLOOKUP(F12,'проф - дисц - спец'!$A:$E,5,0) -> 05.11.16 Информационноизмерительные и управляющие системы (по отраслям) | H12: =VLOOKUP(F12,'проф - дисц - спец'!$A:$E,2,0) -> Информационно-измерительные и управляющие системы
A13: ГОРБУНОВОЙ АНАСТАСИИ ЮРЬЕВНЕ | B13: Горбунова Анастасия Юрьевна | C13: 12.06.01 | D13: Фотоника, приборостроение, оптические и биотехнические системы и технологии | E13: =CONCATENATE(C13," ",D13) -> 12.06.01 Фотоника, приборостроение, оптические и биотехнические системы и технологии | F13: 12.06.01.03 | G13: =VLOOKUP(F13,'проф - дисц - спец'!$A:$E,5,0) -> 05.11.16 Информационноизмерительные и управляющие системы (по отраслям) | H13: =VLOOKUP(F13,'проф - дисц - спец'!$A:$E,2,0) -> Информационно-измерительные и управляющие системы
... A34: СОСЮРЕ ДАНИИЛУ ДМИТРИЕВИЧУ | B34: Сосюра Даниил Дмитриевич | C34: 41.06.01 | D34: Политические науки и регионоведение | E34: =CONCATENATE(C34," ",D34) -> 41.06.01 Политические науки и регионоведение | F34: 41.06.01.01 | G34: =VLOOKUP(F34,'проф - дисц - спец'!$A:$E,5,0) -> 23.00.02 Политические институты, процессы и технологии | H34: =VLOOKUP(F34,'проф - дисц - спец'!$A:$E,2,0) -> Политические институты, процессы и технологии

Sheet БД Таблица
A1: ФИО Полностью - в дательном падеже | B1: Название предмета 1 | C1: Оценка | D1: Дата | E1: год | F1: Оценка и дата сдачи экзамена | G1: Председатель комиссии: | H1: Член комиссии 1 | I1: Член комиссии 2 | J1: Члены комиссии: | K1: Название предмета 2 | L1: Оценка | M1: Дата | N1: год | O1: Оценка и дата сдачи экзамена | P1: Председатель комиссии: | Q1: Член комиссии 1 | R1: Член комиссии 2 | S1: Член комиссии 3 | T1: Члены комиссии: | U1: Название предмета 3 | V1: Оценка | W1: Дата | X1: год | Y1: Оценка и дата сдачи экзамена | Z1: Председатель комиссии: | AA1: Член комиссии 1 | AB1: Член комиссии 2 | AC1: Члены комиссии:
A2: ШЕЛЬ ЕВГЕНИИ ЮРЬЕВНЕ | B2: История и философия науки | C2: Отлично | D2: 24 января | E2: 2017 | F2: =CONCATENATE(C2,CHAR(10),D2,CHAR(10),E2," года") -> Отлично 24 января 2017 года | G2: Юдин А.И., доктор философских наук, профессор, профессор кафедры «История и философия». | H2: Слезин А.А., доктор исторических наук, профессор, зав. кафедрой «История и философия», заместитель председателя комиссии; | I2: Самохин К.В., кандидат исторических наук, доцент, доцент кафедры «История и философия» | J2: =CONCATENATE(H2,CHAR(10),I2) -> Слезин А.А., доктор исторических наук, профессор, зав. кафедрой «История и философия», заместитель председателя комиссии; Самохин К.В., кандидат исторических наук, доцент, доцент кафедры «История и философия» | K2: Иностранный язык | L2: Отлично | M2: 22 июня | N2: 2017 | O2: =CONCATENATE(L2,CHAR(10),M2,CHAR(10),N2," года") -> Отлично 22 июня 2017 года | P2: Макеева М.Н., доктор филологических наук, профессор, зав. кафедрой «Иностранный язык» | Q2: Гунина Н.А., кандидат филологических наук, доцент, зав. кафедрой «Международная профессиональная и научная коммуникация», заместитель председателя комиссии; | R2: Королева Л.Ю., кандидат филологических наук, доцент, доцент кафедры «Международная профессиональная и научная коммуникация»; | S2: Зарапина И.В., кандидат химических наук, доцент, доцент кафедры «Химия и химические технологии» | T2: =CONCATENATE(Q2,CHAR(10),R2,CHAR(10),S2) -> Гунина Н.А., кандидат филологических наук, доцент, зав. кафедрой «Международная профессиональная и научная коммуникация», заместитель председателя комиссии; Королева Л.Ю., кандидат филологических наук, доцент, доцент кафедры «Международная профессиональная и научная коммуникация»; Зарапина И.В., кандидат химических наук, доцент, доцент кафедры «Химия и химические технологии» | U2: =VLOOKUP(A2,'БД направление'!$A:$H,8,0) -> Электрохимия | V2: Отлично | W2: 27 июня | X2: 2019 | Y2: =CONCATENATE(V2,CHAR(10),W2,CHAR(10),X2," года") -> Отлично 27 июня 2019 года | Z2: Рухов А.В., доктор технических наук, доцент, заведующий кафедрой «Химия и химические технологии» | AA2: Дьячкова Т.П., доктор химических наук, доцент, доцент кафедры "Химия и химические технологии", заместитель председателя комиссии; | AB2: Зарапина И.В., кандидат химических наук, доцент, доцент кафедры «Химия и химические технологии» | AC2: =CONCATENATE(AA2,CHAR(10),AB2) -> Дьячкова Т.П., доктор химических наук, доцент, доцент кафедры "Химия и химические технологии", заместитель председателя комиссии; Зарапина И.В., кандидат химических наук, доцент, доцент кафедры «Химия и химические технологии»
A3: ДАНИШ АБДУЛ БАРЕЙ | B3: История и философия науки | C3: Отлично | D3: 21 января | E3: 2017 | F3: =CONCATENATE(C3,CHAR(10),D3,CHAR(10),E3," года") -> Отлично 21 января 2017 года | G3: Юдин А.И., доктор философских наук, профессор, профессор кафедры «История и философия». | H3: Слезин А.А., доктор исторических наук, профессор, зав. кафедрой «История и философия», заместитель председателя комиссии; | I3: Терехова Г.Л., кандидат философских наук, доцент, доцент кафедры «История и философия» | J3: =CONCATENATE(H3,CHAR(10),I3) -> Слезин А.А., доктор исторических наук, профессор, зав. кафедрой «История и философия», заместитель председателя комиссии; Терехова Г.Л., кандидат философских наук, доцент, доцент кафедры «История и философия» | K3: Иностранный язык | L3: Отлично | M3: 20 июня | N3: 2017 | O3: =CONCATENATE(L3,CHAR(10),M3,CHAR(10),N3," года") -> Отлично 20 июня 2017 года | P3: Макеева М.Н., доктор филологических наук, профессор, зав. кафедрой «Иностранный язык» | Q3: Бородулина Н.Ю., доктор филологических наук, доцент, профессор кафедры «Иностранных языков», заместитель председателя комиссии | R3: Гуляева Е.А., кандидат педагогических наук, доцент, доцент кафедры «Иностранных языков» | S3: Червяков В.М., доктор технических наук, доцент, профессор кафедры «Техническая механика и детали машин» | T3: =CONCATENATE(Q3,CHAR(10),R3,CHAR(10),S3) -> Бородулина Н.Ю., доктор филологических наук, доцент, профессор кафедры «Иностранных языков», заместитель председателя комиссии Гуляева Е.А., кандидат педагогических наук, доцент, доцент кафедры «Иностранных языков» Червяков В.М., доктор технических наук, доцент, профессор кафедры «Техническая механика и детали машин» | U3: =VLOOKUP(A3,'БД направление'!$A:$H,8,0) -> Строительные конструкции, здания и сооружения | V3: Отлично | W3: 27 июня | X3: 2019 | Y3: =CONCATENATE(V3,CHAR(10),W3,CHAR(10),X3," года") -> Отлично 27 июня 2019 года | Z3: Ярцев В.П., доктор технических наук, профессор, профессор кафедры «Конструкции зданий и сооружений» | AA3: Леденев В.В., доктор технических наук, профессор, профессор кафедры «Конструкции зданий и сооружений», заместитель председателя комиссии | AB3: Леденев В.И., доктор технических наук, профессор, профессор кафедры «Городское строительство и автомобильные дороги» | AC3: =CONCATENATE(AA3,CHAR(10),AB3) -> Леденев В.В., доктор технических наук, профессор, профессор кафедры «Конструкции зданий и сооружений», заместитель председателя комиссии Леденев В.И., доктор технических наук, профессор, профессор кафедры «Городское строительство и автомобильные дороги»
A4: МЕРКУШЕВОЙ НАТАЛИИ ПАВЛОВНЕ | B4: История и философия науки | C4: Отлично | D4: 24 января | E4: 2017 | F4: =CONCATENATE(C4,CHAR(10),D4,CHAR(10),E4," года") -> Отлично 24 января 2017 года | G4: Юдин А.И., доктор философских наук, профессор, профессор кафедры «История и философия». | H4: Слезин А.А., доктор исторических наук, профессор, зав. кафедрой «История и философия», заместитель председателя комиссии; | I4: Терехова Г.Л., кандидат философских наук, доцент, доцент кафедры «История и философия» | J4: =CONCATENATE(H4,CHAR(10),I4) -> Слезин А.А., доктор исторических наук, профессор, зав. кафедрой «История и философия», заместитель председателя комиссии; Терехова Г.Л., кандидат философских наук, доцент, доцент кафедры «История и философия» | K4: Иностранный язык | L4: Отлично | M4: 20 июня | N4: 2017 | O4: =CONCATENATE(L4,CHAR(10),M4,CHAR(10),N4," года") -> Отлично 20 июня 2017 года | P4: Макеева М.Н., доктор филологических наук, профессор, зав. кафедрой «Иностранный язык» | Q4: Гунина Н.А., кандидат филологических наук, доцент, зав. кафедрой «Международная профессиональная и научная коммуникация», заместитель председателя комиссии; | R4: Королева Л.Ю., кандидат филологических наук, доцент, доцент кафедры «Международная профессиональная и научная коммуникация»; | S4: Монастырев П.В., доктор технических наук, доцент, директор института архитектуры, строительства и транспорта | T4: =CONCATENATE(Q4,CHAR(10),R4,CHAR(10),S4) -> Гунина Н.А., кандидат филологических наук, доцент, зав. кафедрой «Международная профессиональная и научная коммуникация», заместитель председателя комиссии; Королева Л.Ю., кандидат филологических наук, доцент, доцент кафедры «Международная профессиональная и научная коммуникация»; Монастырев П.В., доктор технических наук, доцент, директор института архитектуры, строительства и транспорта | U4: =VLOOKUP(A4,'БД направление'!$A:$H,8,0) -> Строительные конструкции, здания и сооружения | V4: Отлично | W4: 27 июня | X4: 2019 | Y4: =CONCATENATE(V4,CHAR(10),W4,CHAR(10),X4," года") -> Отлично 27 июня 2019 года | Z4: Ярцев В.П., доктор технических наук, профессор, профессор кафедры «Конструкции зданий и сооружений» | AA4: Леденев В.В., доктор технических наук, профессор, профессор кафедры «Конструкции зданий и сооружений», заместитель председателя комиссии | AB4: Леденев В.И., доктор технических наук, профессор, профессор кафедры «Городское строительство и автомобильные дороги» | AC4: =CONCATENATE(AA4,CHAR(10),AB4) -> Леденев В.В., доктор технических наук, профессор, профессор кафедры «Конструкции зданий и сооружений», заместитель председателя комиссии Леденев В.И., доктор технических наук, профессор, профессор кафедры «Городское строительство и автомобильные дороги»
A5: СТРУЛЕВОЙ ИРИНЕ АЛЕКСАНДРОВНЕ | B5: История и философия науки | C5: Отлично | D5: 24 января | E5: 2017 | F5: =CONCATENATE(C5,CHAR(10),D5,CHAR(10),E5," года") -> Отлично 24 января 2017 года | G5: Юдин А.И., доктор философских наук, профессор, профессор кафедры «История и философия». | H5: Слезин А.А., доктор исторических наук, профессор, зав. кафедрой «История и философия», заместитель председателя комиссии; | I5: Терехова Г.Л., кандидат философских наук, доцент, доцент кафедры «История и философия» | J5: =CONCATENATE(H5,CHAR(10),I5) -> Слезин А.А., доктор исторических наук, профессор, зав. кафедрой «История и философия», заместитель председателя комиссии; Терехова Г.Л., кандидат философских наук, доцент, доцент кафедры «История и философия» | K5: Иностранный язык | L5: Отлично | M5: 20 июня | N5: 2017 | O5: =CONCATENATE(L5,CHAR(10),M5,CHAR(10),N5," года") -> Отлично 20 июня 2017 года | P5: Макеева М.Н., доктор филологических наук, профессор, зав. кафедрой «Иностранный язык» | Q5: Гунина Н.А., кандидат филологических наук, доцент, зав. кафедрой «Международная профессиональная и научная коммуникация», заместитель председателя комиссии; | R5: Королева Л.Ю., кандидат филологических наук, доцент, доцент кафедры «Международная профессиональная и научная коммуникация»; | S5: Монастырев П.В., доктор технических наук, доцент, директор института архитектуры, строительства и транспорта | T5: =CONCATENATE(Q5,CHAR(10),R5,CHAR(10),S5) -> Гунина Н.А., кандидат филологических наук, доцент, зав. кафедрой «Международная профессиональная и научная коммуникация», заместитель председателя комиссии; Королева Л.Ю., кандидат филологических наук, доцент, доцент кафедры «Международная профессиональная и научная коммуникация»; Монастырев П.В., доктор технических наук, доцент, директор института архитектуры, строительства и транспорта | U5: =VLOOKUP(A5,'БД направление'!$A:$H,8,0) -> Строительные материалы и изделия | V5: Отлично | W5: 28 июня | X5: 2019 | Y5: =CONCATENATE(V5,CHAR(10),W5,CHAR(10),X5," года") -> Отлично 28 июня 2019 года | Z5: Ярцев В.П., доктор технических наук, профессор, профессор кафедры «Конструкции зданий и сооружений» | AA5: Леденев В.В., доктор технических наук, профессор, профессор кафедры «Конструкции зданий и сооружений», заместитель председателя комиссии | AB5: Монастырев П.В., доктор технических наук, доцент, директор института архитектуры, строительства и транспорта | AC5: =CONCATENATE(AA5,CHAR(10),AB5) -> Леденев В.В., доктор технических наук, профессор, профессор кафедры «Конструкции зданий и сооружений», заместитель председателя комиссии Монастырев П.В., доктор технических наук, доцент, директор института архитектуры, строительства и транспорта
A6: МАЗАЛОВУ АЛЕКСАНДРУ НИКОЛАЕВИЧУ | B6: История и философия науки | C6: Отлично | D6: 25 января | E6: 2017 | F6: =CONCATENATE(C6,CHAR(10),D6,CHAR(10),E6," года") -> Отлично 25 января 2017 года | G6: Юдин А.И., доктор философских наук, профессор, профессор кафедры «История и философия». | H6: Слезин А.А., доктор исторических наук, профессор, зав. кафедрой «История и философия», заместитель председателя комиссии; | I6: Терехова Г.Л., кандидат философских наук, доцент, доцент кафедры «История и философия» | J6: =CONCATENATE(H6,CHAR(10),I6) -> Слезин А.А., доктор исторических наук, профессор, зав. кафедрой «История и философия», заместитель председателя комиссии; Терехова Г.Л., кандидат философских наук, доцент, доцент кафедры «История и философия» | K6: Иностранный язык | L6: Отлично | M6: 20 июня | N6: 2017 | O6: =CONCATENATE(L6,CHAR(10),M6,CHAR(10),N6," года") -> Отлично 20 июня 2017 года | P6: Макеева М.Н., доктор филологических наук, профессор, зав. кафедрой «Иностранный язык» | Q6: Гунина Н.А., кандидат филологических наук, доцент, зав. кафедрой «Международная профессиональная и научная коммуникация», заместитель председателя комиссии; | R6: Королева Л.Ю., кандидат филологических наук, доцент, доцент кафедры «Международная профессиональная и научная коммуникация»; | S6: Иванова О.Г., кандидат технических наук, доцент, профессор кафедры «Информационные системы и защита информации» | T6: =CONCATENATE(Q6,CHAR(10),R6,CHAR(10),S6) -> Гунина Н.А., кандидат филологических наук, доцент, зав. кафедрой «Международная профессиональная и научная коммуникация», заместитель председателя комиссии; Королева Л.Ю., кандидат филологических наук, доцент, доцент кафедры «Международная профессиональная и научная коммуникация»; Иванова О.Г., кандидат технических наук, доцент, профессор кафедры «Информационные системы и защита информации» | U6: =VLOOKUP(A6,'БД направление'!$A:$H,8,0) -> Информационные системы и процессы | V6: Отлично | Y6: =CONCATENATE(V6,CHAR(10),W6,CHAR(10),X6," года") -> Отлично года | Z6: Громов Ю.Ю., доктор технических наук, профессор, директор института автоматики и информационных технологий | AA6: Тютюнник В.М., доктор технических наук, профессор, профессор кафедры «Конструирование радиоэлектронных и микропроцессорных систем», заместитель председателя комиссии | AB6: Дидрих В.Е., доктор технических наук, профессор, профессор кафедры «Информационные системы и защита информации» | AC6: =CONCATENATE(AA6,CHAR(10),AB6) -> Тютюнник В.М., доктор технических наук, профессор, профессор кафедры «Конструирование радиоэлектронных и микропроцессорных систем», заместитель председателя комиссии Дидрих В.Е., доктор технических наук, профессор, профессор кафедры «Информационные системы и защита информации»
A7: МИНАЕВУ ЕВГЕНИЮ АНДРЕЕВИЧУ | B7: История и философия науки | C7: Хорошо | D7: 25 января | E7: 2017 | F7: =CONCATENATE(C7,CHAR(10),D7,CHAR(10),E7," года") -> Хорошо 25 января 2017 года | G7: Юдин А.И., доктор философских наук, профессор, профессор кафедры «История и философия». | H7: Слезин А.А., доктор исторических наук, профессор, зав. кафедрой «История и философия», заместитель председателя комиссии; | I7: Терехова Г.Л., кандидат философских наук, доцент, доцент кафедры «История и философия» | J7: =CONCATENATE(H7,CHAR(10),I7) -> Слезин А.А., доктор исторических наук, профессор, зав. кафедрой «История и философия», заместитель председателя комиссии; Терехова Г.Л., кандидат философских наук, доцент, доцент кафедры «История и философия» | K7: Иностранный язык | L7: Отлично | M7: 20 июня | N7: 2017 | O7: =CONCATENATE(L7,CHAR(10),M7,CHAR(10),N7," года") -> Отлично 20 июня 2017 года | P7: Макеева М.Н., доктор филологических наук, профессор, зав. кафедрой «Иностранный язык» | Q7: Бородулина Н.Ю., доктор филологических наук, доцент, профессор кафедры «Иностранных языков», заместитель председателя комиссии | R7: Гуляева Е.А., кандидат педагогических наук, доцент, доцент кафедры «Иностранных языков» | S7: Червяков В.М., доктор технических наук, доцент, профессор кафедры «Техническая механика и детали машин» | T7: =CONCATENATE(Q7,CHAR(10),R7,CHAR(10),S7) -> Бородулина Н.Ю., доктор филологических наук, доцент, профессор кафедры «Иностранных языков», заместитель председателя комиссии Гуляева Е.А., кандидат педагогических наук, доцент, доцент кафедры «Иностранных языков» Червяков В.М., доктор технических наук, доцент, профессор кафедры «Техническая механика и детали машин» | U7: =VLOOKUP(A7,'БД направление'!$A:$H,8,0) -> Информационные системы и процессы | V7: Хорошо | Y7: =CONCATENATE(V7,CHAR(10),W7,CHAR(10),X7," года") -> Хорошо года | Z7: Громов Ю.Ю., доктор технических наук, профессор, директор института автоматики и информационных технологий | AA7: Тютюнник В.М., доктор технических наук, профессор, профессор кафедры «Конструирование радиоэлектронных и микропроцессорных систем», заместитель председателя комиссии | AB7: Дидрих В.Е., доктор технических наук, профессор, профессор кафедры «Информационные системы и защита информации» | AC7: =CONCATENATE(AA7,CHAR(10),AB7) -> Тютюнник В.М., доктор технических наук, профессор, профессор кафедры «Конструирование радиоэлектронных и микропроцессорных систем», заместитель председателя комиссии Дидрих В.Е., доктор технических наук, профессор, профессор кафедры «Информационные системы и защита информации»
A8: ТРЕФИЛОВУ ПАВЛУ АЛЕКСАНДРОВИЧУ | B8: История и философия науки | C8: Хорошо | D8: 25 января | E8: 2017 | F8: =CONCATENATE(C8,CHAR(10),D8,CHAR(10),E8," года") -> Хорошо 25 января 2017 года | G8: Юдин А.И., доктор философских наук, профессор, профессор кафедры «История и философия». | H8: Слезин А.А., доктор исторических наук, профессор, зав. кафедрой «История и философия», заместитель председателя комиссии; | I8: Терехова Г.Л., кандидат философских наук, доцент, доцент кафедры «История и философия» | J8: =CONCATENATE(H8,CHAR(10),I8) -> Слезин А.А., доктор исторических наук, профессор, зав. кафедрой «История и философия», заместитель председателя комиссии; Терехова Г.Л., кандидат философских наук, доцент, доцент кафедры «История и философия» | K8: Иностранный язык | L8: Отлично | M8: 21 июня | N8: 2017 | O8: =CONCATENATE(L8,CHAR(10),M8,CHAR(10),N8," года") -> Отлично 21 июня 2017 года | P8: Макеева М.Н., доктор филологических наук, профессор, зав. кафедрой «Иностранный язык» | Q8: Гунина Н.А., кандидат филологических наук, доцент, зав. кафедрой «Международная профессиональная и научная коммуникация», заместитель председателя комиссии; | R8: Королева Л.Ю., кандидат филологических наук, доцент, доцент кафедры «Международная профессиональная и научная коммуникация»; | S8: Иванова О.Г., кандидат технических наук, доцент, профессор кафедры «Информационные системы и защита информации» | T8: =CONCATENATE(Q8,CHAR(10),R8,CHAR(10),S8) -> Гунина Н.А., кандидат филологических наук, доцент, зав. кафедрой «Международная профессиональная и научная коммуникация», заместитель председателя комиссии; Королева Л.Ю., кандидат филологических наук, доцент, доцент кафедры «Международная профессиональная и научная коммуникация»; Иванова О.Г., кандидат технических наук, доцент, профессор кафедры «Информационные системы и защита информации» | U8: =VLOOKUP(A8,'БД направление'!$A:$H,8,0) -> Информационные системы и процессы | V8: Отлично | Y8: =CONCATENATE(V8,CHAR(10),W8,CHAR(10),X8," года") -> Отлично года | Z8: Громов Ю.Ю., доктор технических наук, профессор, директор института автоматики и информационных технологий | AA8: Тютюнник В.М., доктор технических наук, профессор, профессор кафедры «Конструирование радиоэлектронных и микропроцессорных систем», заместитель председателя комиссии | AB8: Дидрих В.Е., доктор технических наук, профессор, профессор кафедры «Информационные системы и защита информации» | AC8: =CONCATENATE(AA8,CHAR(10),AB8) -> Тютюнник В.М., доктор технических наук, профессор, профессор кафедры «Конструирование радиоэлектронных и микропроцессорных систем», заместитель председателя комиссии Дидрих В.Е., доктор технических наук, профессор, профессор кафедры «Информационные системы и защита информации»
A9: СЫЧЕВУ ВЛАДИСЛАВУ АНДРЕЕВИЧУ | B9: История и философия науки | C9: Хорошо | D9: 26 января | E9: 2017 | F9: =CONCATENATE(C9,CHAR(10),D9,CHAR(10),E9," года") -> Хорошо 26 января 2017 года | G9: Юдин А.И., доктор философских наук, профессор, профессор кафедры «История и философия». | H9: Слезин А.А., доктор исторических наук, профессор, зав. кафедрой «История и философия», заместитель председателя комиссии; | I9: Терехова Г.Л., кандидат философских наук, доцент, доцент кафедры «История и философия» | J9: =CONCATENATE(H9,CHAR(10),I9) -> Слезин А.А., доктор исторических наук, профессор, зав. кафедрой «История и философия», заместитель председателя комиссии; Терехова Г.Л., кандидат философских наук, доцент, доцент кафедры «История и философия» | K9: Иностранный язык | L9: Отлично | M9: 21 июня | N9: 2017 | O9: =CONCATENATE(L9,CHAR(10),M9,CHAR(10),N9," года") -> Отлично 21 июня 2017 года | P9: Макеева М.Н., доктор филологических наук, профессор, зав. кафедрой «Иностранный язык» | Q9: Григорьева В.С., кандидат филологических наук, доцент, профессор кафедры «Иностранных языков», заместитель председателя комиссии | R9: Чеботарева Г.Н., кандидат филологических наук, ст. преподаватель кафедры «Международная профессиональная и научная коммуникация» | S9: Фролов С.В., доктор технических наук, профессор, зав. кафедрой «Биомедицинская техника» | T9: =CONCATENATE(Q9,CHAR(10),R9,CHAR(10),S9) -> Григорьева В.С., кандидат филологических наук, доцент, профессор кафедры «Иностранных языков», заместитель председателя комиссии Чеботарева Г.Н., кандидат филологических наук, ст. преподаватель кафедры «Международная профессиональная и научная коммуникация» Фролов С.В., доктор технических наук, профессор, зав. кафедрой «Биомедицинская техника» | U9: =VLOOKUP(A9,'БД направление'!$A:$H,8,0) -> Приборы и системы контроля природной среды, веществ, материалов и изделий | V9: Отлично | W9: 25 июня | X9: 2019 | Y9: =CONCATENATE(V9,CHAR(10),W9,CHAR(10),X9," года") -> Отлично 25 июня 2019 года | Z9: Дивин А.Г., доктор технических наук, доцент, зав. кафедрой «Мехатроника и технологические измерения» | AA9: Пономарев С.В., доктор технических наук, профессор, профессор кафедры «Мехатроника и технологические измерения», заместитель председателя комиссии | AB9: Балабанов П.В., доктор технических наук, доцент, доцент кафедры «Мехатроника и технологические измерения» | AC9: =CONCATENATE(AA9,CHAR(10),AB9) -> Пономарев С.В., доктор технических наук, профессор, профессор кафедры «Мехатроника и технологические измерения», заместитель председателя комиссии Балабанов П.В., доктор технических наук, доцент, доцент кафедры «Мехатроника и технологические измерения»
A10: АЛИЕВУ НАРИМАН ЭЛЬШАН ОГЛЫ | B10: История и философия науки | C10: Отлично | D10: 26 января | E10: 2017 | F10: =CONCATENATE(C10,CHAR(10),D10,CHAR(10),E10," года") -> Отлично 26 января 2017 года | G10: Юдин А.И., доктор философских наук, профессор, профессор кафедры «История и философия». | H10: Слезин А.А., доктор исторических наук, профессор, зав. кафедрой «История и философия», заместитель председателя комиссии; | I10: Терехова Г.Л., кандидат философских наук, доцент, доцент кафедры «История и философия» | J10: =CONCATENATE(H10,CHAR(10),I10) -> Слезин А.А., доктор исторических наук, профессор, зав. кафедрой «История и философия», заместитель председателя комиссии; Терехова Г.Л., кандидат философских наук, доцент, доцент кафедры «История и философия» | K10: Иностранный язык | L10: Отлично | M10: 21 июня | N10: 2017 | O10: =CONCATENATE(L10,CHAR(10),M10,CHAR(10),N10," года") -> Отлично 21 июня 2017 года | P10: Макеева М.Н., доктор филологических наук, профессор, зав. кафедрой «Иностранный язык» | Q10: Гунина Н.А., кандидат филологических наук, доцент, зав. кафедрой «Международная профессиональная и научная коммуникация», заместитель председателя комиссии; | R10: Королева Л.Ю., кандидат филологических наук, доцент, доцент кафедры «Международная профессиональная и научная коммуникация»; | S10: Пономарев С.В., доктор технических наук, профессор, профессор кафедры «Мехатроника и технологические измерения» | T10: =CONCATENATE(Q10,CHAR(10),R10,CHAR(10),S10) -> Гунина Н.А., кандидат филологических наук, доцент, зав. кафедрой «Международная профессиональная и научная коммуникация», заместитель председателя комиссии; Королева Л.Ю., кандидат филологических наук, доцент, доцент кафедры «Международная профессиональная и научная коммуникация»; Пономарев С.В., доктор технических наук, профессор, профессор кафедры «Мехатроника и технологические измерения» | U10: =VLOOKUP(A10,'БД направление'!$A:$H,8,0) -> Приборы, системы, изделия медицинского назначения | V10: Отлично | Y10: =CONCATENATE(V10,CHAR(10),W10,CHAR(10),X10," года") -> Отлично года | Z10: Фролов С.В., доктор технических наук, профессор, зав. кафедрой «Биомедицинская техника» | AA10: Проскурин С.Г., доктор технических наук, доцент, доцент кафедры «Биомедицинская техника», заместитель председателя комиссии | AB10: Дубровин В.В., кандидат технических наук, доцент, доцент кафедры «Биомедицинская техника» | AC10: =CONCATENATE(AA10,CHAR(10),AB10) -> Проскурин С.Г., доктор технических наук, доцент, доцент кафедры «Биомедицинская техника», заместитель председателя комиссии Дубровин В.В., кандидат технических наук, доцент, доцент кафедры «Биомедицинская техника»
A11: ТРОФИМОВУ ДЕНИСУ ВАЛЕРЬЕВИЧУ | B11: История и философия науки | C11: Отлично | D11: 18 января | E11: 2016 | F11: =CONCATENATE(C11,CHAR(10),D11,CHAR(10),E11," года") -> Отлично 18 января 2016 года | G11: Муромцев Д.Ю., доктор технических наук, профессор, проректор по научно-инновационной деятельности | H11: Юдин А.И., доктор философских наук, профессор, профессор кафедры «История и философия», заместитель председателя комиссии | I11: Самохин К.В., кандидат исторических наук, доцент, доцент кафедры «История и философия» Терехова Г.Л., кандидат философских наук, доцент, доцент кафедры «История и философия» | J11: =CONCATENATE(H11,CHAR(10),I11) -> Юдин А.И., доктор философских наук, профессор, профессор кафедры «История и философия», заместитель председателя комиссии Самохин К.В., кандидат исторических наук, доцент, доцент кафедры «История и философия» Терехова Г.Л., кандидат философских наук, доцент, доцент кафедры «История и философия» | K11: Иностранный язык | L11: Отлично | M11: 21 июня | N11: 2016 | O11: =CONCATENATE(L11,CHAR(10),M11,CHAR(10),N11," года") -> Отлично 21 июня 2016 года | P11: Макеева М.Н., доктор филологических наук, профессор, зав. кафедрой «Иностранный язык» | Q11: Гунина Н.А., кандидат филологических наук, доцент, зав. кафедрой «Международная профессиональная и научная коммуникация», заместитель председателя комиссии; | R11: Королева Л.Ю., кандидат филологических наук, доцент, доцент кафедры «Международная профессиональная и научная коммуникация»; | S11: Пономарев С.В., доктор технических наук, профессор, профессор кафедры «Мехатроника и технологические измерения» | T11: =CONCATENATE(Q11,CHAR(10),R11,CHAR(10),S11) -> Гунина Н.А., кандидат филологических наук, доцент, зав. кафедрой «Международная профессиональная и научная коммуникация», заместитель председателя комиссии; Королева Л.Ю., кандидат филологических наук, доцент, доцент кафедры «Международная профессиональная и научная коммуникация»; Пономарев С.В., доктор технических наук, профессор, профессор кафедры «Мехатроника и технологические измерения» | U11: =VLOOKUP(A11,'БД направление'!$A:$H,8,0) -> Информационно-измерительные и управляющие системы | V11: Отлично | W11: 25 июня | X11: 2019 | Y11: =CONCATENATE(V11,CHAR(10),W11,CHAR(10),X11," года") -> Отлично 25 июня 2019 года | Z11: Муромцев Д.Ю., доктор технических наук, профессор, проректор по научно-инновационной деятельности | AA11: Селиванова З.М., доктор технических наук, профессор, профессор кафедры «Конструирование радиоэлектронных и микропроцессорных систем», заместитель председателя комиссии | AB11: Павлов В.И., доктор технических наук, профессор, профессор кафедры «Конструирование радиоэлектронных и микропроцессорных систем» | AC11: =CONCATENATE(AA11,CHAR(10),AB11) -> Селиванова З.М., доктор технических наук, профессор, профессор кафедры «Конструирование радиоэлектронных и микропроцессорных систем», заместитель председателя комиссии Павлов В.И., доктор технических наук, профессор, профессор кафедры «Конструирование радиоэлектронных и микропроцессорных систем»
A12: ГОРБУНОВОЙ АНАСТАСИИ ЮРЬЕВНЕ | B12: История и философия науки | C12: Отлично | D12: 26 января | E12: 2017 | F12: =CONCATENATE(C12,CHAR(10),D12,CHAR(10),E12," года") -> Отлично 26 января 2017 года | G12: Юдин А.И., доктор философских наук, профессор, профессор кафедры «История и философия». | H12: Слезин А.А., доктор исторических наук, профессор, зав. кафедрой «История и философия», заместитель председателя комиссии; | I12: Терехова Г.Л., кандидат философских наук, доцент, доцент кафедры «История и философия» | J12: =CONCATENATE(H12,CHAR(10),I12) -> Слезин А.А., доктор исторических наук, профессор, зав. кафедрой «История и философия», заместитель председателя комиссии; Терехова Г.Л., кандидат философских наук, доцент, доцент кафедры «История и философия» | K12: Иностранный язык | L12: Отлично | M12: 21 июня | N12: 2017 | O12: =CONCATENATE(L12,CHAR(10),M12,CHAR(10),N12," года") -> Отлично 21 июня 2017 года | P12: Макеева М.Н., доктор филологических наук, профессор, зав. кафедрой «Иностранный язык» | Q12: Гунина Н.А., кандидат филологических наук, доцент, зав. кафедрой «Международная профессиональная и научная коммуникация», заместитель председателя комиссии; | R12: Королева Л.Ю., кандидат филологических наук, доцент, доцент кафедры «Международная профессиональная и научная коммуникация»; | S12: Пономарев С.В., доктор технических наук, профессор, профессор кафедры «Мехатроника и технологические измерения» | T12: =CONCATENATE(Q12,CHAR(10),R12,CHAR(10),S12) -> Гунина Н.А., кандидат филологических наук, доцент, зав. кафедрой «Международная профессиональная и научная коммуникация», заместитель председателя комиссии; Королева Л.Ю., кандидат филологических наук, доцент, доцент кафедры «Международная профессиональная и научная коммуникация»; Пономарев С.В., доктор технических наук, профессор, профессор кафедры «Мехатроника и технологические измерения» | U12: =VLOOKUP(A12,'БД направление'!$A:$H,8,0) -> Информационно-измерительные и управляющие системы | V12: Отлично | W12: 25 июня | X12: 2019 | Y12: =CONCATENATE(V12,CHAR(10),W12,CHAR(10),X12," года") -> Отлично 25 июня 2019 года | Z12: Муромцев Д.Ю., доктор технических наук, профессор, проректор по научно-инновационной деятельности | AA12: Селиванова З.М., доктор технических наук, профессор, профессор кафедры «Конструирование радиоэлектронных и микропроцессорных систем», заместитель председателя комиссии | AB12: Павлов В.И., доктор технических наук, профессор, профессор кафедры «Конструирование радиоэлектронных и микропроцессорных систем» | AC12: =CONCATENATE(AA12,CHAR(10),AB12) -> Селиванова З.М., доктор технических наук, профессор, профессор кафедры «Конструирование радиоэлектронных и микропроцессорных систем», заместитель председателя комиссии Павлов В.И., доктор технических наук, профессор, профессор кафедры «Конструирование радиоэлектронных и микропроцессорных систем»
A13: ЯГУБОВУ ВИКТОРУ САХИБОВИЧУ | B13: История и философия науки | C13: Отлично | D13: 26 января | E13: 2017 | F13: =CONCATENATE(C13,CHAR(10),D13,CHAR(10),E13," года") -> Отлично 26 января 2017 года | G13: Юдин А.И., доктор философских наук, профессор, профессор кафедры «История и философия». | H13: Слезин А.А., доктор исторических наук, профессор, зав. кафедрой «История и философия», заместитель председателя комиссии; | I13: Терехова Г.Л., кандидат философских наук, доцент, доцент кафедры «История и философия» | J13: =CONCATENATE(H13,CHAR(10),I13) -> Слезин А.А., доктор исторических наук, профессор, зав. кафедрой «История и философия», заместитель председателя комиссии; Терехова Г.Л., кандидат философских наук, доцент, доцент кафедры «История и философия» | K13: Иностранный язык | L13: Отлично | M13: 21 июня | N13: 2017 | O13: =CONCATENATE(L13,CHAR(10),M13,CHAR(10),N13," года") -> Отлично 21 июня 2017 года | P13: Макеева М.Н., доктор филологических наук, профессор, зав. кафедрой «Иностранный язык» | Q13: Гунина Н.А., кандидат филологических наук, доцент, зав. кафедрой «Международная профессиональная и научная коммуникация», заместитель председателя комиссии; | R13: Королева Л.Ю., кандидат филологических наук, доцент, доцент кафедры «Международная профессиональная и научная коммуникация»; | S13: Соколов М.В., доктор технических наук, доцент, профессор кафедры «Компьютерно-интегрированные системы в машиностроении» | T13: =CONCATENATE(Q13,CHAR(10),R13,CHAR(10),S13) -> Гунина Н.А., кандидат филологических наук, доцент, зав. кафедрой «Международная профессиональная и научная коммуникация», заместитель председателя комиссии; Королева Л.Ю., кандидат филологических наук, доцент, доцент кафедры «Международная профессиональная и научная коммуникация»; Соколов М.В., доктор технических наук, доцент, профессор кафедры «Компьютерно-интегрированные системы в машиностроении» | U13: =VLOOKUP(A13,'БД направление'!$A:$H,8,0) -> Машины, агрегаты и процессы | V13: Отлично | W13: 26 июня | X13: 2019 | Y13: =CONCATENATE(V13,CHAR(10),W13,CHAR(10),X13," года") -> Отлично 26 июня 2019 года | Z13: Ткачев А.Г., доктор технических наук, профессор, зав. кафедрой «Техника и технологии производства нанопродуктов» | AA13: Першин В.Ф., доктор технических наук, профессор, профессор кафедры «Техника и технологии производства нанопродуктов», заместитель председателя комиссии | AB13: Промтов М.А., доктор технических наук, профессор, профессор кафедры «Технологические процессы, аппараты и техносферная безопасность» | AC13: =CONCATENATE(AA13,CHAR(10),AB13) -> Першин В.Ф., доктор технических наук, профессор, профессор кафедры «Техника и технологии производства нанопродуктов», заместитель председателя комиссии Промтов М.А., доктор технических наук, профессор, профессор кафедры «Технологические процессы, аппараты и техносферная безопасность»
A14: БОРИСКИНОЙ ЕКАТЕРИНЕ АЛЕКСЕЕВНЕ | B14: История и философия науки | C14: Отлично | D14: 27 января | E14: 2017 | F14: =CONCATENATE(C14,CHAR(10),D14,CHAR(10),E14," года") -> Отлично 27 января 2017 года | G14: Юдин А.И., доктор философских наук, профессор, профессор кафедры «История и философия». | H14: Слезин А.А., доктор исторических наук, профессор, зав. кафедрой «История и философия», заместитель председателя комиссии; | I14: Терехова Г.Л., кандидат философских наук, доцент, доцент кафедры «История и философия» | J14: =CONCATENATE(H14,CHAR(10),I14) -> Слезин А.А., доктор исторических наук, профессор, зав. кафедрой «История и философия», заместитель председателя комиссии; Терехова Г.Л., кандидат философских наук, доцент, доцент кафедры «История и философия» | K14: Иностранный язык | L14: Хорошо | M14: 22 июня | N14: 2017 | O14: =CONCATENATE(L14,CHAR(10),M14,CHAR(10),N14," года") -> Хорошо 22 июня 2017 года | P14: Макеева М.Н., доктор филологических наук, профессор, зав. кафедрой «Иностранный язык» | Q14: Гунина Н.А., кандидат филологических наук, доцент, зав. кафедрой «Международная профессиональная и научная коммуникация», заместитель председателя комиссии; | R14: Королева Л.Ю., кандидат филологических наук, доцент, доцент кафедры «Международная профессиональная и научная коммуникация»; | S14: Пахомов А.Н., кандидат технических наук, доцент, доцент кафедры «Технологические процессы, аппараты и техносферная безопасность» | T14: =CONCATENATE(Q14,CHAR(10),R14,CHAR(10),S14) -> Гунина Н.А., кандидат филологических наук, доцент, зав. кафедрой «Международная профессиональная и научная коммуникация», заместитель председателя комиссии; Королева Л.Ю., кандидат филологических наук, доцент, доцент кафедры «Международная профессиональная и научная коммуникация»; Пахомов А.Н., кандидат технических наук, доцент, доцент кафедры «Технологические процессы, аппараты и техносферная безопасность» | U14: =VLOOKUP(A14,'БД направление'!$A:$H,8,0) -> Процессы и аппараты химической технологии | V14: Отлично | W14: 26 июня | X14: 2019 | Y14: =CONCATENATE(V14,CHAR(10),W14,CHAR(10),X14," года") -> Отлично 26 июня 2019 года | Z14: Гатапова Н.Ц., доктор технических наук, профессор, зав. кафедрой «Технологические процессы, аппараты и техносферная безопасность» | AA14: Долгунин В.Н., доктор технических наук, профессор, профессор кафедры «Технологии и оборудование пищевых и химических производств», заместитель председателя комиссии | AB14: Промтов М.А., доктор технических наук, профессор, профессор кафедры «Технологические процессы, аппараты и техносферная безопасность» | AC14: =CONCATENATE(AA14,CHAR(10),AB14) -> Долгунин В.Н., доктор технических наук, профессор, профессор кафедры «Технологии и оборудование пищевых и химических производств», заместитель председателя комиссии Промтов М.А., доктор технических наук, профессор, профессор кафедры «Технологические процессы, аппараты и техносферная безопасность»
A15: САМОХИНОЙ ВЕРОНИКЕ АЛЕКСЕЕВНЕ | B15: История и философия науки | C15: Отлично | D15: 27 января | E15: 2017 | F15: =CONCATENATE(C15,CHAR(10),D15,CHAR(10),E15," года") -> Отлично 27 января 2017 года | G15: Юдин А.И., доктор философских наук, профессор, профессор кафедры «История и философия». | H15: Слезин А.А., доктор исторических наук, профессор, зав. кафедрой «История и философия», заместитель председателя комиссии; | I15: Терехова Г.Л., кандидат философских наук, доцент, доцент кафедры «История и философия» | J15: =CONCATENATE(H15,CHAR(10),I15) -> Слезин А.А., доктор исторических наук, профессор, зав. кафедрой «История и философия», заместитель председателя комиссии; Терехова Г.Л., кандидат философских наук, доцент, доцент кафедры «История и философия» | K15: Иностранный язык | L15: Отлично | M15: 21 июня | N15: 2017 | O15: =CONCATENATE(L15,CHAR(10),M15,CHAR(10),N15," года") -> Отлично 21 июня 2017 года | P15: Макеева М.Н., доктор филологических наук, профессор, зав. кафедрой «Иностранный язык» | Q15: Григорьева В.С., кандидат филологических наук, доцент, профессор кафедры «Иностранных языков», заместитель председателя комиссии | R15: Чеботарева Г.Н., кандидат филологических наук, ст. преподаватель кафедры «Международная профессиональная и научная коммуникация» | S15: Гатапова Н.Ц., доктор технических наук, профессор, зав. кафедрой «Технологические процессы, аппараты и техносферная безопасность» | T15: =CONCATENATE(Q15,CHAR(10),R15,CHAR(10),S15) -> Григорьева В.С., кандидат филологических наук, доцент, профессор кафедры «Иностранных языков», заместитель председателя комиссии Чеботарева Г.Н., кандидат филологических наук, ст. преподаватель кафедры «Международная профессиональная и научная коммуникация» Гатапова Н.Ц., доктор технических наук, профессор, зав. кафедрой «Технологические процессы, аппараты и техносферная безопасность» | U15: =VLOOKUP(A15,'БД направление'!$A:$H,8,0) -> Процессы и аппараты химической технологии | V15: Отлично | W15: 26 июня | X15: 2019 | Y15: =CONCATENATE(V15,CHAR(10),W15,CHAR(10),X15," года") -> Отлично 26 июня 2019 года | Z15: Гатапова Н.Ц., доктор технических наук, профессор, зав. кафедрой «Технологические процессы, аппараты и техносферная безопасность» | AA15: Долгунин В.Н., доктор технических наук, профессор, профессор кафедры «Технологии и оборудование пищевых и химических производств», заместитель председателя комиссии | AB15: Промтов М.А., доктор технических наук, профессор, профессор кафедры «Технологические процессы, аппараты и техносферная безопасность» | AC15: =CONCATENATE(AA15,CHAR(10),AB15) -> Долгунин В.Н., доктор технических наук, профессор, профессор кафедры «Технологии и оборудование пищевых и химических производств», заместитель председателя комиссии Промтов М.А., доктор технических наук, профессор, профессор кафедры «Технологические процессы, аппараты и техносферная безопасность»
A16: ЧЕПУРНОВОЙ АЛЕКСАНДРЕ ВЛАДИМИРОВНЕ | B16: История и философия науки | C16: Отлично | D16: 26 января | E16: 2017 | F16: =CONCATENATE(C16,CHAR(10),D16,CHAR(10),E16," года") -> Отлично 26 января 2017 года | G16: Юдин А.И., доктор философских наук, профессор, профессор кафедры «История и философия». | H16: Слезин А.А., доктор исторических наук, профессор, зав. кафедрой «История и философия», заместитель председателя комиссии; | I16: Терехова Г.Л., кандидат философских наук, доцент, доцент кафедры «История и философия» | J16: =CONCATENATE(H16,CHAR(10),I16) -> Слезин А.А., доктор исторических наук, профессор, зав. кафедрой «История и философия», заместитель председателя комиссии; Терехова Г.Л., кандидат философских наук, доцент, доцент кафедры «История и философия» | K16: Иностранный язык | L16: Хорошо | M16: 22 июня | N16: 2017 | O16: =CONCATENATE(L16,CHAR(10),M16,CHAR(10),N16," года") -> Хорошо 22 июня 2017 года | P16: Макеева М.Н., доктор филологических наук, профессор, зав. кафедрой «Иностранный язык» | Q16: Гунина Н.А., кандидат филологических наук, доцент, зав. кафедрой «Международная профессиональная и научная коммуникация», заместитель председателя комиссии; | R16: Королева Л.Ю., кандидат филологических наук, доцент, доцент кафедры «Международная профессиональная и научная коммуникация»; | S16: Назаров В.Н., кандидат технических наук, доцент кафедры «Информационные процессы и управление» | T16: =CONCATENATE(Q16,CHAR(10),R16,CHAR(10),S16) -> Гунина Н.А., кандидат филологических наук, доцент, зав. кафедрой «Международная профессиональная и научная коммуникация», заместитель председателя комиссии; Королева Л.Ю., кандидат филологических наук, доцент, доцент кафедры «Международная профессиональная и научная коммуникация»; Назаров В.Н., кандидат технических наук, доцент кафедры «Информационные процессы и управление» | U16: =VLOOKUP(A16,'БД направление'!$A:$H,8,0) -> Автоматизированное управление технологическими процессами и производствами | V16: Отлично | W16: 24 июня | X16: 2019 | Y16: =CONCATENATE(V16,CHAR(10),W16,CHAR(10),X16," года") -> Отлично 24 июня 2019 года | Z16: Матвейкин В.Г., доктор технических наук, профессор, зав. кафедрой «Информационные процессы и управление» | AA16: Дмитриевский Б.С., доктор технических наук, доцент, профессор кафедры «Информационные процессы и управление», заместитель председателя комиссии | AB16: Третьяков А.А., кандидат технических наук, доцент, доцент кафедры «Информационные процессы и управление» | AC16: =CONCATENATE(AA16,CHAR(10),AB16) -> Дмитриевский Б.С., доктор технических наук, доцент, профессор кафедры «Информационные процессы и управление», заместитель председателя комиссии Третьяков А.А., кандидат технических наук, доцент, доцент кафедры «Информационные процессы и управление»
A17: БАБКИНУ АЛЕКСАНДРУ ВИКТОРОВИЧУ | B17: История и философия науки | F17: =CONCATENATE(C17,CHAR(10),D17,CHAR(10),E17," года") -> года | G17: Юдин А.И., доктор философских наук, профессор, профессор кафедры «История и философия». | H17: Слезин А.А., доктор исторических наук, профессор, зав. кафедрой «История и философия», заместитель председателя комиссии; | I17: Самохин К.В., кандидат исторических наук, доцент, доцент кафедры «История и философия» | J17: =CONCATENATE(H17,CHAR(10),I17) -> Слезин А.А., доктор исторических наук, профессор, зав. кафедрой «История и философия», заместитель председателя комиссии; Самохин К.В., кандидат исторических наук, доцент, доцент кафедры «История и философия» | K17: Иностранный язык | O17: =CONCATENATE(L17,CHAR(10),M17,CHAR(10),N17," года") -> года | P17: Макеева М.Н., доктор филологических наук, профессор, зав. кафедрой «Иностранный язык» | Q17: Гунина Н.А., кандидат филологических наук, доцент, зав. кафедрой «Международная профессиональная и научная коммуникация», заместитель председателя комиссии; | R17: Королева Л.Ю., кандидат филологических наук, доцент, доцент кафедры «Международная профессиональная и научная коммуникация»; | S17: Зарапина И.В., кандидат химических наук, доцент, доцент кафедры «Химия и химические технологии» | T17: =CONCATENATE(Q17,CHAR(10),R17,CHAR(10),S17) -> Гунина Н.А., кандидат филологических наук, доцент, зав. кафедрой «Международная профессиональная и научная коммуникация», заместитель председателя комиссии; Королева Л.Ю., кандидат филологических наук, доцент, доцент кафедры «Международная профессиональная и научная коммуникация»; Зарапина И.В., кандидат химических наук, доцент, доцент кафедры «Химия и химические технологии» | U17: =VLOOKUP(A17,'БД направление'!$A:$H,8,0) -> Нанотехнологии и наноматериалы | Y17: =CONCATENATE(V17,CHAR(10),W17,CHAR(10),X17," года") -> года | Z17: Рухов А.В., доктор технических наук, доцент, заведующий кафедрой «Химия и химические технологии» | AA17: Дьячкова Т.П., доктор химических наук, доцент, доцент кафедры "Химия и химические технологии", заместитель председателя комиссии; | AB17: Зарапина И.В., кандидат химических наук, доцент, доцент кафедры «Химия и химические технологии» | AC17: =CONCATENATE(AA17,CHAR(10),AB17) -> Дьячкова Т.П., доктор химических наук, доцент, доцент кафедры "Химия и химические технологии", заместитель председателя комиссии; Зарапина И.В., кандидат химических наук, доцент, доцент кафедры «Химия и химические технологии»
A18: НЕСКОРОМНОЙ ЕЛЕНЕ АНАТОЛЬЕВНЕ | B18: История и философия науки | F18: =CONCATENATE(C18,CHAR(10),D18,CHAR(10),E18," года") -> года | G18: Юдин А.И., доктор философских наук, профессор, профессор кафедры «История и философия». | H18: Слезин А.А., доктор исторических наук, профессор, зав. кафедрой «История и философия», заместитель председателя комиссии; | I18: Самохин К.В., кандидат исторических наук, доцент, доцент кафедры «История и философия» | J18: =CONCATENATE(H18,CHAR(10),I18) -> Слезин А.А., доктор исторических наук, профессор, зав. кафедрой «История и философия», заместитель председателя комиссии; Самохин К.В., кандидат исторических наук, доцент, доцент кафедры «История и философия» | K18: Иностранный язык | O18: =CONCATENATE(L18,CHAR(10),M18,CHAR(10),N18," года") -> года | P18: Макеева М.Н., доктор филологических наук, профессор, зав. кафедрой «Иностранный язык» | Q18: Гунина Н.А., кандидат филологических наук, доцент, зав. кафедрой «Международная профессиональная и научная коммуникация», заместитель председателя комиссии; | R18: Королева Л.Ю., кандидат филологических наук, доцент, доцент кафедры «Международная профессиональная и научная коммуникация»; | S18: Зарапина И.В., кандидат химических наук, доцент, доцент кафедры «Химия и химические технологии» | T18: =CONCATENATE(Q18,CHAR(10),R18,CHAR(10),S18) -> Гунина Н.А., кандидат филологических наук, доцент, зав. кафедрой «Международная профессиональная и научная коммуникация», заместитель председателя комиссии; Королева Л.Ю., кандидат филологических наук, доцент, доцент кафедры «Международная профессиональная и научная коммуникация»; Зарапина И.В., кандидат химических наук, доцент, доцент кафедры «Химия и химические технологии» | U18: =VLOOKUP(A18,'БД направление'!$A:$H,8,0) -> Нанотехнологии и наноматериалы | Y18: =CONCATENATE(V18,CHAR(10),W18,CHAR(10),X18," года") -> года | Z18: Рухов А.В., доктор технических наук, доцент, заведующий кафедрой «Химия и химические технологии» | AA18: Дьячкова Т.П., доктор химических наук, доцент, доцент кафедры "Химия и химические технологии", заместитель председателя комиссии; | AB18: Зарапина И.В., кандидат химических наук, доцент, доцент кафедры «Химия и химические технологии» | AC18: =CONCATENATE(AA18,CHAR(10),AB18) -> Дьячкова Т.П., доктор химических наук, доцент, доцент кафедры "Химия и химические технологии", заместитель председателя комиссии; Зарапина И.В., кандидат химических наук, доцент, доцент кафедры «Химия и химические технологии»
A19: НИКОЛЮКИНУ АЛЕКСЕЮ НИКОЛАЕВИЧУ | B19: История и философия науки | C19: Отлично | D19: 24 января | E19: 2017 | F19: =CONCATENATE(C19,CHAR(10),D19,CHAR(10),E19," года") -> Отлично 24 января 2017 года | G19: Юдин А.И., доктор философских наук, профессор, профессор кафедры «История и философия». | H19: Слезин А.А., доктор исторических наук, профессор, зав. кафедрой «История и философия», заместитель председателя комиссии; | I19: Терехова Г.Л., кандидат философских наук, доцент, доцент кафедры «История и философия» | J19: =CONCATENATE(H19,CHAR(10),I19) -> Слезин А.А., доктор исторических наук, профессор, зав. кафедрой «История и философия», заместитель председателя комиссии; Терехова Г.Л., кандидат философских наук, доцент, доцент кафедры «История и философия» | K19: Иностранный язык | L19: Отлично | M19: 20 июня | N19: 2017 | O19: =CONCATENATE(L19,CHAR(10),M19,CHAR(10),N19," года") -> Отлично 20 июня 2017 года | P19: Макеева М.Н., доктор филологических наук, профессор, зав. кафедрой «Иностранный язык» | Q19: Бородулина Н.Ю., доктор филологических наук, доцент, профессор кафедры «Иностранных языков», заместитель председателя комиссии | R19: Гуляева Е.А., кандидат педагогических наук, доцент, доцент кафедры «Иностранных языков» | S19: Червяков В.М., доктор технических наук, доцент, профессор кафедры «Техническая механика и детали машин» | T19: =CONCATENATE(Q19,CHAR(10),R19,CHAR(10),S19) -> Бородулина Н.Ю., доктор филологических наук, доцент, профессор кафедры «Иностранных языков», заместитель председателя комиссии Гуляева Е.А., кандидат педагогических наук, доцент, доцент кафедры «Иностранных языков» Червяков В.М., доктор технических наук, доцент, профессор кафедры «Техническая механика и детали машин» | U19: =VLOOKUP(A19,'БД направление'!$A:$H,8,0) -> Строительные материалы и изделия | V19: Отлично | W19: 28 июня | X19: 2019 | Y19: =CONCATENATE(V19,CHAR(10),W19,CHAR(10),X19," года") -> Отлично 28 июня 2019 года | Z19: Ярцев В.П., доктор технических наук, профессор, профессор кафедры «Конструкции зданий и сооружений» | AA19: Леденев В.В., доктор технических наук, профессор, профессор кафедры «Конструкции зданий и сооружений», заместитель председателя комиссии | AB19: Монастырев П.В., доктор технических наук, доцент, директор института архитектуры, строительства и транспорта | AC19: =CONCATENATE(AA19,CHAR(10),AB19) -> Леденев В.В., доктор технических наук, профессор, профессор кафедры «Конструкции зданий и сооружений», заместитель председателя комиссии Монастырев П.В., доктор технических наук, доцент, директор института архитектуры, строительства и транспорта
A20: СВИТАВСКОМУ ЕВГЕНИЮ ВАЛЕРЬЕВИЧУ | B20: История и философия науки | C20: Отлично | D20: 25 января | E20: 2017 | F20: =CONCATENATE(C20,CHAR(10),D20,CHAR(10),E20," года") -> Отлично 25 января 2017 года | G20: Юдин А.И., доктор философских наук, профессор, профессор кафедры «История и философия». | H20: Слезин А.А., доктор исторических наук, профессор, зав. кафедрой «История и философия», заместитель председателя комиссии; | I20: Терехова Г.Л., кандидат философских наук, доцент, доцент кафедры «История и философия» | J20: =CONCATENATE(H20,CHAR(10),I20) -> Слезин А.А., доктор исторических наук, профессор, зав. кафедрой «История и философия», заместитель председателя комиссии; Терехова Г.Л., кандидат философских наук, доцент, доцент кафедры «История и философия» | K20: Иностранный язык | L20: Хорошо | M20: 20 июня | N20: 2017 | O20: =CONCATENATE(L20,CHAR(10),M20,CHAR(10),N20," года") -> Хорошо 20 июня 2017 года | P20: Макеева М.Н., доктор филологических наук, профессор, зав. кафедрой «Иностранный язык» | Q20: Гунина Н.А., кандидат филологических наук, доцент, зав. кафедрой «Международная профессиональная и научная коммуникация», заместитель председателя комиссии; | R20: Королева Л.Ю., кандидат филологических наук, доцент, доцент кафедры «Международная профессиональная и научная коммуникация»; | S20: Иванова О.Г., кандидат технических наук, доцент, профессор кафедры «Информационные системы и защита информации» | T20: =CONCATENATE(Q20,CHAR(10),R20,CHAR(10),S20) -> Гунина Н.А., кандидат филологических наук, доцент, зав. кафедрой «Международная профессиональная и научная коммуникация», заместитель председателя комиссии; Королева Л.Ю., кандидат филологических наук, доцент, доцент кафедры «Международная профессиональная и научная коммуникация»; Иванова О.Г., кандидат технических наук, доцент, профессор кафедры «Информационные системы и защита информации» | U20: =VLOOKUP(A20,'БД направление'!$A:$H,8,0) -> Информационные системы и процессы | V20: Удовлетворительно | Y20: =CONCATENATE(V20,CHAR(10),W20,CHAR(10),X20," года") -> Удовлетворительно года | Z20: Громов Ю.Ю., доктор технических наук, профессор, директор института автоматики и информационных технологий | AA20: Тютюнник В.М., доктор технических наук, профессор, профессор кафедры «Конструирование радиоэлектронных и микропроцессорных систем», заместитель председателя комиссии | AB20: Дидрих В.Е., доктор технических наук, профессор, профессор кафедры «Информационные системы и защита информации» | AC20: =CONCATENATE(AA20,CHAR(10),AB20) -> Тютюнник В.М., доктор технических наук, профессор, профессор кафедры «Конструирование радиоэлектронных и микропроцессорных систем», заместитель председателя комиссии Дидрих В.Е., доктор технических наук, профессор, профессор кафедры «Информационные системы и защита информации»
A21: АЛЬ ФАДХЛИ КХАЗААЛ ХАМИД КХАЗААЛ | B21: История и философия науки | C21: Хорошо | D21: 27 января | E21: 2017 | F21: =CONCATENATE(C21,CHAR(10),D21,CHAR(10),E21," года") -> Хорошо 27 января 2017 года | G21: Юдин А.И., доктор философских наук, профессор, профессор кафедры «История и философия». | H21: Слезин А.А., доктор исторических наук, профессор, зав. кафедрой «История и философия», заместитель председателя комиссии; | I21: Терехова Г.Л., кандидат философских наук, доцент, доцент кафедры «История и философия» | J21: =CONCATENATE(H21,CHAR(10),I21) -> Слезин А.А., доктор исторических наук, профессор, зав. кафедрой «История и философия», заместитель председателя комиссии; Терехова Г.Л., кандидат философских наук, доцент, доцент кафедры «История и философия» | K21: Иностранный язык | L21: Отлично | M21: 22 июня | N21: 2017 | O21: =CONCATENATE(L21,CHAR(10),M21,CHAR(10),N21," года") -> Отлично 22 июня 2017 года | P21: Макеева М.Н., доктор филологических наук, профессор, зав. кафедрой «Иностранный язык» | Q21: Губанова Т.В., кандидат филологических наук, доцент, доцент кафедры «Русская филология», заместитель председателя комиссии | R21: Немцова Н.М., кандидат филологических наук, доцент, зам. декана факультета международного образования | S21: Промтов М.А., доктор технических наук, профессор, декан факультета международного образования | T21: =CONCATENATE(Q21,CHAR(10),R21,CHAR(10),S21) -> Губанова Т.В., кандидат филологических наук, доцент, доцент кафедры «Русская филология», заместитель председателя комиссии Немцова Н.М., кандидат филологических наук, доцент, зам. декана факультета международного образования Промтов М.А., доктор технических наук, профессор, декан факультета международного образования | U21: =VLOOKUP(A21,'БД направление'!$A:$H,8,0) -> Процессы и аппараты химической технологии | V21: Отлично | W21: 26 июня | X21: 2019 | Y21: =CONCATENATE(V21,CHAR(10),W21,CHAR(10),X21," года") -> Отлично 26 июня 2019 года | Z21: Гатапова Н.Ц., доктор технических наук, профессор, зав. кафедрой «Технологические процессы, аппараты и техносферная безопасность» | AA21: Долгунин В.Н., доктор технических наук, профессор, профессор кафедры «Технологии и оборудование пищевых и химических производств», заместитель председателя комиссии | AB21: Промтов М.А., доктор технических наук, профессор, профессор кафедры «Технологические процессы, аппараты и техносферная безопасность» | AC21: =CONCATENATE(AA21,CHAR(10),AB21) -> Долгунин В.Н., доктор технических наук, профессор, профессор кафедры «Технологии и оборудование пищевых и химических производств», заместитель председателя комиссии Промтов М.А., доктор технических наук, профессор, профессор кафедры «Технологические процессы, аппараты и техносферная безопасность»
A22: БЕСПЕРСТОВОЙ ГАЛИНЕ СЕРГЕЕВНЕ | B22: История и философия науки | F22: =CONCATENATE(C22,CHAR(10),D22,CHAR(10),E22," года") -> года | G22: Юдин А.И., доктор философских наук, профессор, профессор кафедры «История и философия». | H22: Слезин А.А., доктор исторических наук, профессор, зав. кафедрой «История и философия», заместитель председателя комиссии; | I22: Самохин К.В., кандидат исторических наук, доцент, доцент кафедры «История и философия» | J22: =CONCATENATE(H22,CHAR(10),I22) -> Слезин А.А., доктор исторических наук, профессор, зав. кафедрой «История и философия», заместитель председателя комиссии; Самохин К.В., кандидат исторических наук, доцент, доцент кафедры «История и философия» | K22: Иностранный язык | O22: =CONCATENATE(L22,CHAR(10),M22,CHAR(10),N22," года") -> года | P22: Макеева М.Н., доктор филологических наук, профессор, зав. кафедрой «Иностранный язык» | Q22: Гунина Н.А., кандидат филологических наук, доцент, зав. кафедрой «Международная профессиональная и научная коммуникация», заместитель председателя комиссии; | R22: Королева Л.Ю., кандидат филологических наук, доцент, доцент кафедры «Международная профессиональная и научная коммуникация»; | S22: Зарапина И.В., кандидат химических наук, доцент, доцент кафедры «Химия и химические технологии» | T22: =CONCATENATE(Q22,CHAR(10),R22,CHAR(10),S22) -> Гунина Н.А., кандидат филологических наук, доцент, зав. кафедрой «Международная профессиональная и научная коммуникация», заместитель председателя комиссии; Королева Л.Ю., кандидат филологических наук, доцент, доцент кафедры «Международная профессиональная и научная коммуникация»; Зарапина И.В., кандидат химических наук, доцент, доцент кафедры «Химия и химические технологии» | U22: =VLOOKUP(A22,'БД направление'!$A:$H,8,0) -> Нанотехнологии и наноматериалы | Y22: =CONCATENATE(V22,CHAR(10),W22,CHAR(10),X22," года") -> года | Z22: Рухов А.В., доктор технических наук, доцент, заведующий кафедрой «Химия и химические технологии» | AA22: Дьячкова Т.П., доктор химических наук, доцент, доцент кафедры "Химия и химические технологии", заместитель председателя комиссии; | AB22: Зарапина И.В., кандидат химических наук, доцент, доцент кафедры «Химия и химические технологии» | AC22: =CONCATENATE(AA22,CHAR(10),AB22) -> Дьячкова Т.П., доктор химических наук, доцент, доцент кафедры "Химия и химические технологии", заместитель председателя комиссии; Зарапина И.В., кандидат химических наук, доцент, доцент кафедры «Химия и химические технологии»
A23: СМОЛЬСКОМУ ГРИГОРИЮ ВЛАДИМИРОВИЧУ | B23: История и философия науки | C23: Отлично | D23: 28 января | E23: 2017 | F23: =CONCATENATE(C23,CHAR(10),D23,CHAR(10),E23," года") -> Отлично 28 января 2017 года | G23: Юдин А.И., доктор философских наук, профессор, профессор кафедры «История и философия». | H23: Слезин А.А., доктор исторических наук, профессор, зав. кафедрой «История и философия», заместитель председателя комиссии; | I23: Терехова Г.Л., кандидат философских наук, доцент, доцент кафедры «История и философия» | J23: =CONCATENATE(H23,CHAR(10),I23) -> Слезин А.А., доктор исторических наук, профессор, зав. кафедрой «История и философия», заместитель председателя комиссии; Терехова Г.Л., кандидат философских наук, доцент, доцент кафедры «История и философия» | K23: Иностранный язык | L23: Отлично | M23: 23 июня | N23: 2017 | O23: =CONCATENATE(L23,CHAR(10),M23,CHAR(10),N23," года") -> Отлично 23 июня 2017 года | P23: Макеева М.Н., доктор филологических наук, профессор, зав. кафедрой «Иностранный язык» | Q23: Гунина Н.А., кандидат филологических наук, доцент, зав. кафедрой «Международная профессиональная и научная коммуникация», заместитель председателя комиссии; | R23: Королева Л.Ю., кандидат филологических наук, доцент, доцент кафедры «Международная профессиональная и научная коммуникация»; | S23: Пасько Т.В., кандидат технических наук, доцент, доцент кафедры «Техника и технологии производства нанопродуктов» | T23: =CONCATENATE(Q23,CHAR(10),R23,CHAR(10),S23) -> Гунина Н.А., кандидат филологических наук, доцент, зав. кафедрой «Международная профессиональная и научная коммуникация», заместитель председателя комиссии; Королева Л.Ю., кандидат филологических наук, доцент, доцент кафедры «Международная профессиональная и научная коммуникация»; Пасько Т.В., кандидат технических наук, доцент, доцент кафедры «Техника и технологии производства нанопродуктов» | U23: =VLOOKUP(A23,'БД направление'!$A:$H,8,0) -> Нанотехнологии и наноматериалы | V23: Отлично | W23: 27 июня | X23: 2019 | Y23: =CONCATENATE(V23,CHAR(10),W23,CHAR(10),X23," года") -> Отлично 27 июня 2019 года | Z23: Ткачев А.Г., доктор технических наук, профессор, зав. кафедрой «Техника и технологии производства нанопродуктов» | AA23: Рухов А.В., доктор технических наук, доцент, зав. кафедрой «Химия и химические технологии», заместитель председателя комиссии | AB23: Туголуков Е.Н., доктор технических наук, профессор, профессор кафедры «Техника и технологии производства нанопродуктов» | AC23: =CONCATENATE(AA23,CHAR(10),AB23) -> Рухов А.В., доктор технических наук, доцент, зав. кафедрой «Химия и химические технологии», заместитель председателя комиссии Туголуков Е.Н., доктор технических наук, профессор, профессор кафедры «Техника и технологии производства нанопродуктов»
A24: ДОБРОСОЦКОМУ НИКОЛАЮ ИВАНОВИЧУ | B24: История и философия науки | F24: =CONCATENATE(C24,CHAR(10),D24,CHAR(10),E24," года") -> года | G24: Юдин А.И., доктор философских наук, профессор, профессор кафедры «История и философия». | H24: Слезин А.А., доктор исторических наук, профессор, зав. кафедрой «История и философия», заместитель председателя комиссии; | I24: Самохин К.В., кандидат исторических наук, доцент, доцент кафедры «История и философия» | J24: =CONCATENATE(H24,CHAR(10),I24) -> Слезин А.А., доктор исторических наук, профессор, зав. кафедрой «История и философия», заместитель председателя комиссии; Самохин К.В., кандидат исторических наук, доцент, доцент кафедры «История и философия» | K24: Иностранный язык | O24: =CONCATENATE(L24,CHAR(10),M24,CHAR(10),N24," года") -> года | P24: Макеева М.Н., доктор филологических наук, профессор, зав. кафедрой «Иностранный язык» | Q24: Гунина Н.А., кандидат филологических наук, доцент, зав. кафедрой «Международная профессиональная и научная коммуникация», заместитель председателя комиссии; | R24: Королева Л.Ю., кандидат филологических наук, доцент, доцент кафедры «Международная профессиональная и научная коммуникация»; | S24: Зарапина И.В., кандидат химических наук, доцент, доцент кафедры «Химия и химические технологии» | T24: =CONCATENATE(Q24,CHAR(10),R24,CHAR(10),S24) -> Гунина Н.А., кандидат филологических наук, доцент, зав. кафедрой «Международная профессиональная и научная коммуникация», заместитель председателя комиссии; Королева Л.Ю., кандидат филологических наук, доцент, доцент кафедры «Международная профессиональная и научная коммуникация»; Зарапина И.В., кандидат химических наук, доцент, доцент кафедры «Химия и химические технологии» | U24: =VLOOKUP(A24,'БД направление'!$A:$H,8,0) -> Отечественная история | Y24: =CONCATENATE(V24,CHAR(10),W24,CHAR(10),X24," года") -> года | Z24: Рухов А.В., доктор технических наук, доцент, заведующий кафедрой «Химия и химические технологии» | AA24: Дьячкова Т.П., доктор химических наук, доцент, доцент кафедры "Химия и химические технологии", заместитель председателя комиссии; | AB24: Зарапина И.В., кандидат химических наук, доцент, доцент кафедры «Химия и химические технологии» | AC24: =CONCATENATE(AA24,CHAR(10),AB24) -> Дьячкова Т.П., доктор химических наук, доцент, доцент кафедры "Химия и химические технологии", заместитель председателя комиссии; Зарапина И.В., кандидат химических наук, доцент, доцент кафедры «Химия и химические технологии»
A25: КАРТАШОВОЙ АЛЛЕ ГЕННАДЬЕВНЕ | B25: История и философия науки | F25: =CONCATENATE(C25,CHAR(10),D25,CHAR(10),E25," года") -> года | G25: Юдин А.И., доктор философских наук, профессор, профессор кафедры «История и философия». | H25: Слезин А.А., доктор исторических наук, профессор, зав. кафедрой «История и философия», заместитель председателя комиссии; | I25: Самохин К.В., кандидат исторических наук, доцент, доцент кафедры «История и философия» | J25: =CONCATENATE(H25,CHAR(10),I25) -> Слезин А.А., доктор исторических наук, профессор, зав. кафедрой «История и философия», заместитель председателя комиссии; Самохин К.В., кандидат исторических наук, доцент, доцент кафедры «История и философия» | K25: Иностранный язык | O25: =CONCATENATE(L25,CHAR(10),M25,CHAR(10),N25," года") -> года | P25: Макеева М.Н., доктор филологических наук, профессор, зав. кафедрой «Иностранный язык» | Q25: Гунина Н.А., кандидат филологических наук, доцент, зав. кафедрой «Международная профессиональная и научная коммуникация», заместитель председателя комиссии; | R25: Королева Л.Ю., кандидат филологических наук, доцент, доцент кафедры «Международная профессиональная и научная коммуникация»; | S25: Зарапина И.В., кандидат химических наук, доцент, доцент кафедры «Химия и химические технологии» | T25: =CONCATENATE(Q25,CHAR(10),R25,CHAR(10),S25) -> Гунина Н.А., кандидат филологических наук, доцент, зав. кафедрой «Международная профессиональная и научная коммуникация», заместитель председателя комиссии; Королева Л.Ю., кандидат филологических наук, доцент, доцент кафедры «Международная профессиональная и научная коммуникация»; Зарапина И.В., кандидат химических наук, доцент, доцент кафедры «Химия и химические технологии» | U25: =VLOOKUP(A25,'БД направление'!$A:$H,8,0) -> Отечественная история | Y25: =CONCATENATE(V25,CHAR(10),W25,CHAR(10),X25," года") -> года | Z25: Рухов А.В., доктор технических наук, доцент, заведующий кафедрой «Химия и химические технологии» | AA25: Дьячкова Т.П., доктор химических наук, доцент, доцент кафедры "Химия и химические технологии", заместитель председателя комиссии; | AB25: Зарапина И.В., кандидат химических наук, доцент, доцент кафедры «Химия и химические технологии» | AC25: =CONCATENATE(AA25,CHAR(10),AB25) -> Дьячкова Т.П., доктор химических наук, доцент, доцент кафедры "Химия и химические технологии", заместитель председателя комиссии; Зарапина И.В., кандидат химических наук, доцент, доцент кафедры «Химия и химические технологии»
A26: ФАРАХШИНОЙ ИРАИДЕ ВАЛЕРЬЕВНЕ | B26: История и философия науки | C26: Отлично | D26: 23 января | E26: 2017 | F26: =CONCATENATE(C26,CHAR(10),D26,CHAR(10),E26," года") -> Отлично 23 января 2017 года | G26: Юдин А.И., доктор философских наук, профессор, профессор кафедры «История и философия». | H26: Слезин А.А., доктор исторических наук, профессор, зав. кафедрой «История и философия», заместитель председателя комиссии; | I26: Терехова Г.Л., кандидат философских наук, доцент, доцент кафедры «История и философия» | J26: =CONCATENATE(H26,CHAR(10),I26) -> Слезин А.А., доктор исторических наук, профессор, зав. кафедрой «История и философия», заместитель председателя комиссии; Терехова Г.Л., кандидат философских наук, доцент, доцент кафедры «История и философия» | K26: Иностранный язык | L26: Хорошо | M26: 20 июня | N26: 2017 | O26: =CONCATENATE(L26,CHAR(10),M26,CHAR(10),N26," года") -> Хорошо 20 июня 2017 года | P26: Макеева М.Н., доктор филологических наук, профессор, зав. кафедрой «Иностранный язык» | Q26: Гунина Н.А., кандидат филологических наук, доцент, зав. кафедрой «Международная профессиональная и научная коммуникация», заместитель председателя комиссии; | R26: Королева Л.Ю., кандидат филологических наук, доцент, доцент кафедры «Международная профессиональная и научная коммуникация»; | S26: Иванова О.Г., кандидат технических наук, доцент, профессор кафедры «Информационные системы и защита информации» | T26: =CONCATENATE(Q26,CHAR(10),R26,CHAR(10),S26) -> Гунина Н.А., кандидат филологических наук, доцент, зав. кафедрой «Международная профессиональная и научная коммуникация», заместитель председателя комиссии; Королева Л.Ю., кандидат филологических наук, доцент, доцент кафедры «Международная профессиональная и научная коммуникация»; Иванова О.Г., кандидат технических наук, доцент, профессор кафедры «Информационные системы и защита информации» | U26: =VLOOKUP(A26,'БД направление'!$A:$H,8,0) -> Системный анализ, управление и обработка информации | V26: Хорошо | W26: 25 июня | X26: 2019 | Y26: =CONCATENATE(V26,CHAR(10),W26,CHAR(10),X26," года") -> Хорошо 25 июня 2019 года | Z26: Дворецкий С.И., доктор технических наук, профессор, научный руководитель межкафедральной научно-исследовательской лаборатории «Математическое моделирование и интегрированное проектирование систем» | AA26: Карпушкин С.В., доктор технических наук, профессор, профессор кафедры «Компьютерно-интегрированные системы в машиностроении», заместитель председателя комиссии | AB26: Алексеев В.В., доктор технических наук, профессор, зав. кафедрой «Информационные системы и защита информации» | AC26: =CONCATENATE(AA26,CHAR(10),AB26) -> Карпушкин С.В., доктор технических наук, профессор, профессор кафедры «Компьютерно-интегрированные системы в машиностроении», заместитель председателя комиссии Алексеев В.В., доктор технических наук, профессор, зав. кафедрой «Информационные системы и защита информации»
A27: АЛФЕДЕЙЛАТ ФЕРАС М М | B27: История и философия науки | F27: =CONCATENATE(C27,CHAR(10),D27,CHAR(10),E27," года") -> года | G27: Юдин А.И., доктор философских наук, профессор, профессор кафедры «История и философия». | H27: Слезин А.А., доктор исторических наук, профессор, зав. кафедрой «История и философия», заместитель председателя комиссии; | I27: Самохин К.В., кандидат исторических наук, доцент, доцент кафедры «История и философия» | J27: =CONCATENATE(H27,CHAR(10),I27) -> Слезин А.А., доктор исторических наук, профессор, зав. кафедрой «История и философия», заместитель председателя комиссии; Самохин К.В., кандидат исторических наук, доцент, доцент кафедры «История и философия» | K27: Иностранный язык | O27: =CONCATENATE(L27,CHAR(10),M27,CHAR(10),N27," года") -> года | P27: Макеева М.Н., доктор филологических наук, профессор, зав. кафедрой «Иностранный язык» | Q27: Гунина Н.А., кандидат филологических наук, доцент, зав. кафедрой «Международная профессиональная и научная коммуникация», заместитель председателя комиссии; | R27: Королева Л.Ю., кандидат филологических наук, доцент, доцент кафедры «Международная профессиональная и научная коммуникация»; | S27: Зарапина И.В., кандидат химических наук, доцент, доцент кафедры «Химия и химические технологии» | T27: =CONCATENATE(Q27,CHAR(10),R27,CHAR(10),S27) -> Гунина Н.А., кандидат филологических наук, доцент, зав. кафедрой «Международная профессиональная и научная коммуникация», заместитель председателя комиссии; Королева Л.Ю., кандидат филологических наук, доцент, доцент кафедры «Международная профессиональная и научная коммуникация»; Зарапина И.В., кандидат химических наук, доцент, доцент кафедры «Химия и химические технологии» | U27: =VLOOKUP(A27,'БД направление'!$A:$H,8,0) -> Политические институты, процессы и технологии | Y27: =CONCATENATE(V27,CHAR(10),W27,CHAR(10),X27," года") -> года | Z27: Рухов А.В., доктор технических наук, доцент, заведующий кафедрой «Химия и химические технологии» | AA27: Дьячкова Т.П., доктор химических наук, доцент, доцент кафедры "Химия и химические технологии", заместитель председателя комиссии; | AB27: Зарапина И.В., кандидат химических наук, доцент, доцент кафедры «Химия и химические технологии» | AC27: =CONCATENATE(AA27,CHAR(10),AB27) -> Дьячкова Т.П., доктор химических наук, доцент, доцент кафедры "Химия и химические технологии", заместитель председателя комиссии; Зарапина И.В., кандидат химических наук, доцент, доцент кафедры «Химия и химические технологии»
A28: КАРГАНОВОЙ АЛИНЕ ЮРЬЕВНЕ | B28: История и философия науки | F28: =CONCATENATE(C28,CHAR(10),D28,CHAR(10),E28," года") -> года | G28: Юдин А.И., доктор философских наук, профессор, профессор кафедры «История и философия». | H28: Слезин А.А., доктор исторических наук, профессор, зав. кафедрой «История и философия», заместитель председателя комиссии; | I28: Самохин К.В., кандидат исторических наук, доцент, доцент кафедры «История и философия» | J28: =CONCATENATE(H28,CHAR(10),I28) -> Слезин А.А., доктор исторических наук, профессор, зав. кафедрой «История и философия», заместитель председателя комиссии; Самохин К.В., кандидат исторических наук, доцент, доцент кафедры «История и философия» | K28: Иностранный язык | O28: =CONCATENATE(L28,CHAR(10),M28,CHAR(10),N28," года") -> года | P28: Макеева М.Н., доктор филологических наук, профессор, зав. кафедрой «Иностранный язык» | Q28: Гунина Н.А., кандидат филологических наук, доцент, зав. кафедрой «Международная профессиональная и научная коммуникация», заместитель председателя комиссии; | R28: Королева Л.Ю., кандидат филологических наук, доцент, доцент кафедры «Международная профессиональная и научная коммуникация»; | S28: Зарапина И.В., кандидат химических наук, доцент, доцент кафедры «Химия и химические технологии» | T28: =CONCATENATE(Q28,CHAR(10),R28,CHAR(10),S28) -> Гунина Н.А., кандидат филологических наук, доцент, зав. кафедрой «Международная профессиональная и научная коммуникация», заместитель председателя комиссии; Королева Л.Ю., кандидат филологических наук, доцент, доцент кафедры «Международная профессиональная и научная коммуникация»; Зарапина И.В., кандидат химических наук, доцент, доцент кафедры «Химия и химические технологии» | U28: =VLOOKUP(A28,'БД направление'!$A:$H,8,0) -> Экономика и управление народным хозяйством | Y28: =CONCATENATE(V28,CHAR(10),W28,CHAR(10),X28," года") -> года | Z28: Рухов А.В., доктор технических наук, доцент, заведующий кафедрой «Химия и химические технологии» | AA28: Дьячкова Т.П., доктор химических наук, доцент, доцент кафедры "Химия и химические технологии", заместитель председателя комиссии; | AB28: Зарапина И.В., кандидат химических наук, доцент, доцент кафедры «Химия и химические технологии» | AC28: =CONCATENATE(AA28,CHAR(10),AB28) -> Дьячкова Т.П., доктор химических наук, доцент, доцент кафедры "Химия и химические технологии", заместитель председателя комиссии; Зарапина И.В., кандидат химических наук, доцент, доцент кафедры «Химия и химические технологии»
A29: СУОП КАМТО ПОЛИН | B29: История и философия науки | F29: =CONCATENATE(C29,CHAR(10),D29,CHAR(10),E29," года") -> года | G29: Юдин А.И., доктор философских наук, профессор, профессор кафедры «История и философия». | H29: Слезин А.А., доктор исторических наук, профессор, зав. кафедрой «История и философия», заместитель председателя комиссии; | I29: Самохин К.В., кандидат исторических наук, доцент, доцент кафедры «История и философия» | J29: =CONCATENATE(H29,CHAR(10),I29) -> Слезин А.А., доктор исторических наук, профессор, зав. кафедрой «История и философия», заместитель председателя комиссии; Самохин К.В., кандидат исторических наук, доцент, доцент кафедры «История и философия» | K29: Иностранный язык | O29: =CONCATENATE(L29,CHAR(10),M29,CHAR(10),N29," года") -> года | P29: Макеева М.Н., доктор филологических наук, профессор, зав. кафедрой «Иностранный язык» | Q29: Гунина Н.А., кандидат филологических наук, доцент, зав. кафедрой «Международная профессиональная и научная коммуникация», заместитель председателя комиссии; | R29: Королева Л.Ю., кандидат филологических наук, доцент, доцент кафедры «Международная профессиональная и научная коммуникация»; | S29: Зарапина И.В., кандидат химических наук, доцент, доцент кафедры «Химия и химические технологии» | T29: =CONCATENATE(Q29,CHAR(10),R29,CHAR(10),S29) -> Гунина Н.А., кандидат филологических наук, доцент, зав. кафедрой «Международная профессиональная и научная коммуникация», заместитель председателя комиссии; Королева Л.Ю., кандидат филологических наук, доцент, доцент кафедры «Международная профессиональная и научная коммуникация»; Зарапина И.В., кандидат химических наук, доцент, доцент кафедры «Химия и химические технологии» | U29: =VLOOKUP(A29,'БД направление'!$A:$H,8,0) -> Финансы, денежное обращение и кредит | Y29: =CONCATENATE(V29,CHAR(10),W29,CHAR(10),X29," года") -> года | Z29: Рухов А.В., доктор технических наук, доцент, заведующий кафедрой «Химия и химические технологии» | AA29: Дьячкова Т.П., доктор химических наук, доцент, доцент кафедры "Химия и химические технологии", заместитель председателя комиссии; | AB29: Зарапина И.В., кандидат химических наук, доцент, доцент кафедры «Химия и химические технологии» | AC29: =CONCATENATE(AA29,CHAR(10),AB29) -> Дьячкова Т.П., доктор химических наук, доцент, доцент кафедры "Химия и химические технологии", заместитель председателя комиссии; Зарапина И.В., кандидат химических наук, доцент, доцент кафедры «Химия и химические технологии»
A30: ЛАКОМКИНУ НИКИТЕ АЛЕКСЕЕВИЧУ | B30: История и философия науки | F30: =CONCATENATE(C30,CHAR(10),D30,CHAR(10),E30," года") -> года | G30: Юдин А.И., доктор философских наук, профессор, профессор кафедры «История и философия». | H30: Слезин А.А., доктор исторических наук, профессор, зав. кафедрой «История и философия», заместитель председателя комиссии; | I30: Самохин К.В., кандидат исторических наук, доцент, доцент кафедры «История и философия» | J30: =CONCATENATE(H30,CHAR(10),I30) -> Слезин А.А., доктор исторических наук, профессор, зав. кафедрой «История и философия», заместитель председателя комиссии; Самохин К.В., кандидат исторических наук, доцент, доцент кафедры «История и философия» | K30: Иностранный язык | O30: =CONCATENATE(L30,CHAR(10),M30,CHAR(10),N30," года") -> года | P30: Макеева М.Н., доктор филологических наук, профессор, зав. кафедрой «Иностранный язык» | Q30: Гунина Н.А., кандидат филологических наук, доцент, зав. кафедрой «Международная профессиональная и научная коммуникация», заместитель председателя комиссии; | R30: Королева Л.Ю., кандидат филологических наук, доцент, доцент кафедры «Международная профессиональная и научная коммуникация»; | S30: Зарапина И.В., кандидат химических наук, доцент, доцент кафедры «Химия и химические технологии» | T30: =CONCATENATE(Q30,CHAR(10),R30,CHAR(10),S30) -> Гунина Н.А., кандидат филологических наук, доцент, зав. кафедрой «Международная профессиональная и научная коммуникация», заместитель председателя комиссии; Королева Л.Ю., кандидат филологических наук, доцент, доцент кафедры «Международная профессиональная и научная коммуникация»; Зарапина И.В., кандидат химических наук, доцент, доцент кафедры «Химия и химические технологии» | U30: =VLOOKUP(A30,'БД направление'!$A:$H,8,0) -> Политические институты, процессы и технологии | Y30: =CONCATENATE(V30,CHAR(10),W30,CHAR(10),X30," года") -> года | Z30: Рухов А.В., доктор технических наук, доцент, заведующий кафедрой «Химия и химические технологии» | AA30: Дьячкова Т.П., доктор химических наук, доцент, доцент кафедры "Химия и химические технологии", заместитель председателя комиссии; | AB30: Зарапина И.В., кандидат химических наук, доцент, доцент кафедры «Химия и химические технологии» | AC30: =CONCATENATE(AA30,CHAR(10),AB30) -> Дьячкова Т.П., доктор химических наук, доцент, доцент кафедры "Химия и химические технологии", заместитель председателя комиссии; Зарапина И.В., кандидат химических наук, доцент, доцент кафедры «Химия и химические технологии»
A31: СОСЮРЕ ДАНИИЛУ ДМИТРИЕВИЧУ | B31: История и философия науки | F31: =CONCATENATE(C31,CHAR(10),D31,CHAR(10),E31," года") -> года | G31: Юдин А.И., доктор философских наук, профессор, профессор кафедры «История и философия». | H31: Слезин А.А., доктор исторических наук, профессор, зав. кафедрой «История и философия», заместитель председателя комиссии; | I31: Самохин К.В., кандидат исторических наук, доцент, доцент кафедры «История и философия» | J31: =CONCATENATE(H31,CHAR(10),I31) -> Слезин А.А., доктор исторических наук, профессор, зав. кафедрой «История и философия», заместитель председателя комиссии; Самохин К.В., кандидат исторических наук, доцент, доцент кафедры «История и философия» | K31: Иностранный язык | O31: =CONCATENATE(L31,CHAR(10),M31,CHAR(10),N31," года") -> года | P31: Макеева М.Н., доктор филологических наук, профессор, зав. кафедрой «Иностранный язык» | Q31: Гунина Н.А., кандидат филологических наук, доцент, зав. кафедрой «Международная профессиональная и научная коммуникация», заместитель председателя комиссии; | R31: Королева Л.Ю., кандидат филологических наук, доцент, доцент кафедры «Международная профессиональная и научная коммуникация»; | S31: Зарапина И.В., кандидат химических наук, доцент, доцент кафедры «Химия и химические технологии» | T31: =CONCATENATE(Q31,CHAR(10),R31,CHAR(10),S31) -> Гунина Н.А., кандидат филологических наук, доцент, зав. кафедрой «Международная профессиональная и научная коммуникация», заместитель председателя комиссии; Королева Л.Ю., кандидат филологических наук, доцент, доцент кафедры «Международная профессиональная и научная коммуникация»; Зарапина И.В., кандидат химических наук, доцент, доцент кафедры «Химия и химические технологии» | U31: =VLOOKUP(A31,'БД направление'!$A:$H,8,0) -> Политические институты, процессы и технологии | Y31: =CONCATENATE(V31,CHAR(10),W31,CHAR(10),X31," года") -> года | Z31: Рухов А.В., доктор технических наук, доцент, заведующий кафедрой «Химия и химические технологии» | AA31: Дьячкова Т.П., доктор химических наук, доцент, доцент кафедры "Химия и химические технологии", заместитель председателя комиссии; | AB31: Зарапина И.В., кандидат химических наук, доцент, доцент кафедры «Химия и химические технологии» | AC31: =CONCATENATE(AA31,CHAR(10),AB31) -> Дьячкова Т.П., доктор химических наук, доцент, доцент кафедры "Химия и химические технологии", заместитель председателя комиссии; Зарапина И.В., кандидат химических наук, доцент, доцент кафедры «Химия и химические технологии»
A36: КОЗЛОВОЙ ЮЛИИ АЛЕКСЕЕВНЕ | B36: История и философия науки | F36: =CONCATENATE(C36,CHAR(10),D36,CHAR(10),E36," года") -> года | G36: Юдин А.И., доктор философских наук, профессор, профессор кафедры «История и философия». | H36: Слезин А.А., доктор исторических наук, профессор, зав. кафедрой «История и философия», заместитель председателя комиссии; | I36: Самохин К.В., кандидат исторических наук, доцент, доцент кафедры «История и философия» | J36: =CONCATENATE(H36,CHAR(10),I36) -> Слезин А.А., доктор исторических наук, профессор, зав. кафедрой «История и философия», заместитель председателя комиссии; Самохин К.В., кандидат исторических наук, доцент, доцент кафедры «История и философия» | K36: Иностранный язык | O36: =CONCATENATE(L36,CHAR(10),M36,CHAR(10),N36," года") -> года | P36: Макеева М.Н., доктор филологических наук, профессор, зав. кафедрой «Иностранный язык» | Q36: Гунина Н.А., кандидат филологических наук, доцент, зав. кафедрой «Международная профессиональная и научная коммуникация», заместитель председателя комиссии; | R36: Королева Л.Ю., кандидат филологических наук, доцент, доцент кафедры «Международная профессиональная и научная коммуникация»; | S36: Зарапина И.В., кандидат химических наук, доцент, доцент кафедры «Химия и химические технологии» | T36: =CONCATENATE(Q36,CHAR(10),R36,CHAR(10),S36) -> Гунина Н.А., кандидат филологических наук, доцент, зав. кафедрой «Международная профессиональная и научная коммуникация», заместитель председателя комиссии; Королева Л.Ю., кандидат филологических наук, доцент, доцент кафедры «Международная профессиональная и научная коммуникация»; Зарапина И.В., кандидат химических наук, доцент, доцент кафедры «Химия и химические технологии» | U36: =VLOOKUP(A36,'БД направление'!$A:$H,8,0) -> Строительные материалы и изделия | Y36: =CONCATENATE(V36,CHAR(10),W36,CHAR(10),X36," года") -> года | Z36: Рухов А.В., доктор технических наук, доцент, заведующий кафедрой «Химия и химические технологии» | AA36: Дьячкова Т.П., доктор химических наук, доцент, доцент кафедры "Химия и химические технологии", заместитель председателя комиссии; | AB36: Зарапина И.В., кандидат химических наук, доцент, доцент кафедры «Химия и химические технологии» | AC36: =CONCATENATE(AA36,CHAR(10),AB36) -> Дьячкова Т.П., доктор химических наук, доцент, доцент кафедры "Химия и химические технологии", заместитель председателя комиссии; Зарапина И.В., кандидат химических наук, доцент, доцент кафедры «Химия и химические технологии»
A37: СУХОРУКОВОЙ ТАТЬЯНЕ АЛЕКСАНДРОВНЕ | B37: История и философия науки | F37: =CONCATENATE(C37,CHAR(10),D37,CHAR(10),E37," года") -> года | G37: Юдин А.И., доктор философских наук, профессор, профессор кафедры «История и философия». | H37: Слезин А.А., доктор исторических наук, профессор, зав. кафедрой «История и философия», заместитель председателя комиссии; | I37: Самохин К.В., кандидат исторических наук, доцент, доцент кафедры «История и философия» | J37: =CONCATENATE(H37,CHAR(10),I37) -> Слезин А.А., доктор исторических наук, профессор, зав. кафедрой «История и философия», заместитель председателя комиссии; Самохин К.В., кандидат исторических наук, доцент, доцент кафедры «История и философия» | K37: Иностранный язык | O37: =CONCATENATE(L37,CHAR(10),M37,CHAR(10),N37," года") -> года | P37: Макеева М.Н., доктор филологических наук, профессор, зав. кафедрой «Иностранный язык» | Q37: Гунина Н.А., кандидат филологических наук, доцент, зав. кафедрой «Международная профессиональная и научная коммуникация», заместитель председателя комиссии; | R37: Королева Л.Ю., кандидат филологических наук, доцент, доцент кафедры «Международная профессиональная и научная коммуникация»; | S37: Зарапина И.В., кандидат химических наук, доцент, доцент кафедры «Химия и химические технологии» | T37: =CONCATENATE(Q37,CHAR(10),R37,CHAR(10),S37) -> Гунина Н.А., кандидат филологических наук, доцент, зав. кафедрой «Международная профессиональная и научная коммуникация», заместитель председателя комиссии; Королева Л.Ю., кандидат филологических наук, доцент, доцент кафедры «Международная профессиональная и научная коммуникация»; Зарапина И.В., кандидат химических наук, доцент, доцент кафедры «Химия и химические технологии» | U37: =VLOOKUP(A37,'БД направление'!$A:$H,8,0) -> Процессы и аппараты химической технологии | Y37: =CONCATENATE(V37,CHAR(10),W37,CHAR(10),X37," года") -> года | Z37: Рухов А.В., доктор технических наук, доцент, заведующий кафедрой «Химия и химические технологии» | AA37: Дьячкова Т.П., доктор химических наук, доцент, доцент кафедры "Химия и химические технологии", заместитель председателя комиссии; | AB37: Зарапина И.В., кандидат химических наук, доцент, доцент кафедры «Химия и химические технологии» | AC37: =CONCATENATE(AA37,CHAR(10),AB37) -> Дьячкова Т.П., доктор химических наук, доцент, доцент кафедры "Химия и химические технологии", заместитель председателя комиссии; Зарапина И.В., кандидат химических наук, доцент, доцент кафедры «Химия и химические технологии»
A38: АПРАКСИНОЙ ОЛЬГЕ НИКОЛАЕВНЕ | B38: История и философия науки | F38: =CONCATENATE(C38,CHAR(10),D38,CHAR(10),E38," года") -> года | G38: Юдин А.И., доктор философских наук, профессор, профессор кафедры «История и философия». | H38: Слезин А.А., доктор исторических наук, профессор, зав. кафедрой «История и философия», заместитель председателя комиссии; | I38: Самохин К.В., кандидат исторических наук, доцент, доцент кафедры «История и философия» | J38: =CONCATENATE(H38,CHAR(10),I38) -> Слезин А.А., доктор исторических наук, профессор, зав. кафедрой «История и философия», заместитель председателя комиссии; Самохин К.В., кандидат исторических наук, доцент, доцент кафедры «История и философия» | K38: Иностранный язык | O38: =CONCATENATE(L38,CHAR(10),M38,CHAR(10),N38," года") -> года | P38: Макеева М.Н., доктор филологических наук, профессор, зав. кафедрой «Иностранный язык» | Q38: Гунина Н.А., кандидат филологических наук, доцент, зав. кафедрой «Международная профессиональная и научная коммуникация», заместитель председателя комиссии; | R38: Королева Л.Ю., кандидат филологических наук, доцент, доцент кафедры «Международная профессиональная и научная коммуникация»; | S38: Зарапина И.В., кандидат химических наук, доцент, доцент кафедры «Химия и химические технологии» | T38: =CONCATENATE(Q38,CHAR(10),R38,CHAR(10),S38) -> Гунина Н.А., кандидат филологических наук, доцент, зав. кафедрой «Международная профессиональная и научная коммуникация», заместитель председателя комиссии; Королева Л.Ю., кандидат филологических наук, доцент, доцент кафедры «Международная профессиональная и научная коммуникация»; Зарапина И.В., кандидат химических наук, доцент, доцент кафедры «Химия и химические технологии» | U38: =VLOOKUP(A38,'БД направление'!$A:$H,8,0) -> Теория языка | Y38: =CONCATENATE(V38,CHAR(10),W38,CHAR(10),X38," года") -> года | Z38: Рухов А.В., доктор технических наук, доцент, заведующий кафедрой «Химия и химические технологии» | AA38: Дьячкова Т.П., доктор химических наук, доцент, доцент кафедры "Химия и химические технологии", заместитель председателя комиссии; | AB38: Зарапина И.В., кандидат химических наук, доцент, доцент кафедры «Химия и химические технологии» | AC38: =CONCATENATE(AA38,CHAR(10),AB38) -> Дьячкова Т.П., доктор химических наук, доцент, доцент кафедры "Химия и химические технологии", заместитель председателя комиссии; Зарапина И.В., кандидат химических наук, доцент, доцент кафедры «Химия и химические технологии»

Sheet проф - дисц - спец
A1: Профиль | B1: Дисциплина профиля Б1.В.ОД.4 | C1: Шифр | D1: Специальность | E1: Специальность научных работников
A2: 01.06.01.01 | B2: Механика деформируемого твердого тела | C2: 01.02.04 | D2: Механика деформируемого твердого тела | E2: =CONCATENATE(C2," ",D2) -> 01.02.04 Механика деформируемого твердого тела
A3: 04.06.01.01 | B3: Электрохимия | C3: 02.00.05 | D3: Электрохимия | E3: =CONCATENATE(C3," ",D3) -> 02.00.05 Электрохимия
A4: 05.06.01.01 | B4: Экология | C4: 03.02.08 | D4: Экология (по отраслям) | E4: =CONCATENATE(C4," ",D4) -> 03.02.08 Экология (по отраслям)
A5: 08.06.01.01 | B5: Строительные конструкции, здания и сооружения | C5: 05.23.01 | D5: Строительные конструкции, здания и сооружения | E5: =CONCATENATE(C5," ",D5) -> 05.23.01 Строительные конструкции, здания и сооружения
A6: 08.06.01.02 | B6: Строительные материалы и изделия | C6: 05.23.05 | D6: Строительные материалы и изделия | E6: =CONCATENATE(C6," ",D6) -> 05.23.05 Строительные материалы и изделия
A7: 08.06.01.03 | B7: Проектирование и строительство дорог, метрополитенов, аэродромов, мостов и транспортных тоннелей | C7: 05.23.11 | D7: Проектирование и строительство дорог, метрополитенов, аэродромов, мостов и транспортных тоннелей | E7: =CONCATENATE(C7," ",D7) -> 05.23.11 Проектирование и строительство дорог, метрополитенов, аэродромов, мостов и транспортных тоннелей
A8: 09.06.01.01 | B8: Системный анализ, управление и обработка информации | C8: 05.13.01 | D8: Системный анализ, управление и обработка информации | E8: =CONCATENATE(C8," ",D8) -> 05.13.01 Системный анализ, управление и обработка информации
A9: 09.06.01.02 | B9: Автоматизация и управление технологическими процессами и производствами | C9: 05.13.06 | D9: Автоматизация и управление технологическими процессами и производствами (по отраслям) | E9: =CONCATENATE(C9," ",D9) -> 05.13.06 Автоматизация и управление технологическими процессами и производствами (по отраслям)
A10: 09.06.01.04 | B10: Математическое моделирование, численные методы и комплексы программ | C10: 5.13.18 | D10: Математическое моделирование, численные методы и комплексы программ | E10: =CONCATENATE(C10," ",D10) -> 5.13.18 Математическое моделирование, численные методы и комплексы программ
A11: 09.06.01.05 | B11: Информационные системы и процессы | C11: 05.25.05 | D11: Информационные системы и процессы | E11: =CONCATENATE(C11," ",D11) -> 05.25.05 Информационные системы и процессы
A12: 10.06.01.01 | B12: Методы и системы защиты информации, информационная безопасность | C12: 05.13.19 | D12: Методы и системы защиты информации, информационная безопасность | E12: =CONCATENATE(C12," ",D12) -> 05.13.19 Методы и системы защиты информации, информационная безопасность
A13: 11.06.01.01 | B13: Радиотехника, в том числе системы и устройства телевидения | C13: 05.12.04 | D13: Радиотехника, в том числе системы и устройства телевидения | E13: =CONCATENATE(C13," ",D13) -> 05.12.04 Радиотехника, в том числе системы и устройства телевидения
... A31: 46.06.01.01 | B31: Отечественная история | C31: 07.00.02 | D31: Отечественная история | E31: =CONCATENATE(C31," ",D31) -> 07.00.02 Отечественная история

Sheet ДМГ
A1: Дата | B1: Месяц | C1: Год
A2: 01 | B2: января | C2: 12
A3: 02 | B3: февраля | C3: 13
A4: 03 | B4: марта | C4: 14
A5: 04 | B5: апреля | C5: 15
A6: 05 | B6: мая | C6: 16
A7: 06 | B7: июня | C7: 17
A8: 07 | B8: июля | C8: 18
A9: 08 | B9: августа | C9: 19
A10: 09 | B10: сентября | C10: 20
A11: 10 | B11: октября | C11: 21
A12: 11 | B12: ноября | C12: 22
A13: 12 | B13: декабря | C13: 23
A14: 13
A15: 14
A16: 15
A17: 16
A18: 17
A19: 18
A20: 19
A21: 20
A22: 21
A23: 22
A24: 23
A25: 24
... A32: 31

Sheet Комиссия по ИиФ
A1: Председатель комиссии: | B1: Члены комиссии:
A2: Юдин А.И., доктор философских наук, профессор, профессор кафедры «История и философия» | B2: Слезин А.А., доктор исторических наук, профессор, зав. кафедрой «История и философия», заместитель председателя комиссии
A3: Муромцев Д.Ю., доктор технических наук, профессор, проректор по научно-инновационной деятельности | B3: Терехова Г.Л., кандидат философских наук, доцент, доцент кафедры «История и философия»
B4: Самохин К.В., кандидат исторических наук, доцент, доцент кафедры «История и философия»
B5: Юдин А.И., доктор философских наук, профессор, профессор кафедры «История и философия», заместитель председателя комиссии
B7: Самохин К.В., кандидат исторических наук, доцент, доцент кафедры «История и философия»; Терехова Г.Л., кандидат философских наук, доцент, доцент кафедры «История и философия»

Sheet Комиссия по ИнЯ
A1: Председатель комиссии: | B1: Члены комиссии:
A2: Макеева М.Н., доктор филологических наук, профессор, зав. кафедрой «Иностранных языков» | B2: Гунина Н.А., кандидат филологических наук, доцент, зав. кафедрой «Международная профессиональная и научная коммуникация», заместитель председателя комиссии
A3: Попова И.М., доктор филологических наук, профессор, зав. кафедрой «Русская филология» | B3: Королева Л.Ю., кандидат филологических наук, доцент, доцент кафедры «Международная профессиональная и научная коммуникация»
B4: Пономарев С.В., доктор технических наук, профессор, профессор кафедры «Мехатроника и технологические измерения»
B5: Зарапина И.В., кандидат химических наук, доцент, доцент кафедры «Химия и химические технологии»
B6: Бородулина Н.Ю., доктор филологических наук, доцент, профессор кафедры «Иностранных языков», заместитель председателя комиссии
B7: Гуляева Е.А., кандидат педагогических наук, доцент, доцент кафедры «Иностранных языков»
B8: Червяков В.М., доктор технических наук, доцент, профессор кафедры «Техническая механика и детали машин»
B9: Монастырев П.В., доктор технических наук, доцент, директор института архитектуры, строительства и транспорта
B10: Иванова О.Г., кандидат технических наук, доцент, профессор кафедры «Информационные системы и защита информации»
B11: Григорьева В.С., кандидат филологических наук, доцент, профессор кафедры «Иностранных языков», заместитель председателя комиссии
B12: Чеботарева Г.Н., кандидат филологических наук, ст. преподаватель кафедры «Международная профессиональная и научная коммуникация»
B13: Фролов С.В., доктор технических наук, профессор, зав. кафедрой «Биомедицинская техника»
B14: Соколов М.В., доктор технических наук, доцент, профессор кафедры «Компьютерно-интегрированные системы в машиностроении»
B15: Пахомов А.Н., кандидат технических наук, доцент, доцент кафедры «Технологические процессы, аппараты и техносферная безопасность»
... B21: Пасько Т.В., кандидат технических наук, доцент, доцент кафедры «Техника и технологии производства нанопродуктов»

Sheet Комиссия по специальности
A1: Председатель комиссии: | B1: Члены комиссии:
A2: Рухов А.В., доктор технических наук, доцент, зав. кафедрой «Химия и химические технологии» | B2: Дьячкова Т.П., доктор химических наук, доцент, доцент кафедры «Химия и химические технологии», заместитель председателя комиссии
A3: Ярцев В.П., доктор технических наук, профессор, профессор кафедры «Конструкции зданий и сооружений» | B3: Зарапина И.В., кандидат химических наук, доцент, доцент кафедры «Химия и химические технологии»
A4: Громов Ю.Ю., доктор технических наук, профессор, директор института автоматики и информационных технологий | B4: Леденев В.В., доктор технических наук, профессор, профессор кафедры «Конструкции зданий и сооружений», заместитель председателя комиссии
A5: Дивин А.Г., доктор технических наук, доцент, зав. кафедрой «Мехатроника и технологические измерения» | B5: Леденев В.И., доктор технических наук, профессор, профессор кафедры «Городское строительство и автомобильные дороги»
A6: Фролов С.В., доктор технических наук, профессор, зав. кафедрой «Биомедицинская техника» | B6: Монастырев П.В., доктор технических наук, доцент, директор института архитектуры, строительства и транспорта
A7: Муромцев Д.Ю., доктор технических наук, профессор, проректор по научно-инновационной деятельности | B7: Тютюнник В.М., доктор технических наук, профессор, профессор кафедры «Конструирование радиоэлектронных и микропроцессорных систем», заместитель председателя комиссии
A8: Ткачев А.Г., доктор технических наук, профессор, зав. кафедрой «Техника и технологии производства нанопродуктов» | B8: Дидрих В.Е., доктор технических наук, профессор, профессор кафедры «Информационные системы и защита информации»
A9: Гатапова Н.Ц., доктор технических наук, профессор, зав. кафедрой «Технологические процессы, аппараты и техносферная безопасность» | B9: Пономарев С.В., доктор технических наук, профессор, профессор кафедры «Мехатроника и технологические измерения», заместитель председателя комиссии
A10: Матвейкин В.Г., доктор технических наук, профессор, зав. кафедрой «Информационные процессы и управление» | B10: Балабанов П.В., доктор технических наук, доцент, доцент кафедры «Мехатроника и технологические измерения»
A11: Дворецкий С.И., доктор технических наук, профессор, научный руководитель межкафедральной научно-исследовательской лаборатории «Математическое моделирование и интегрированное проектирование систем» | B11: Проскурин С.Г., доктор технических наук, доцент, доцент кафедры «Биомедицинская техника», заместитель председателя комиссии
B12: Дубровин В.В., кандидат технических наук, доцент, доцент кафедры «Биомедицинская техника»
B13: Селиванова З.М., доктор технических наук, профессор, профессор кафедры «Конструирование радиоэлектронных и микропроцессорных систем», заместитель председателя комиссии
B14: Павлов В.И., доктор технических наук, профессор, профессор кафедры «Конструирование радиоэлектронных и микропроцессорных систем»
B15: Першин В.Ф., доктор технических наук, профессор, профессор кафедры «Техника и технологии производства нанопродуктов», заместитель председателя комиссии
B16: Промтов М.А., доктор технических наук, профессор, профессор кафедры «Технологические процессы, аппараты и техносферная безопасность»
B17: Долгунин В.Н., доктор технических наук, профессор, профессор кафедры «Технологии и оборудование пищевых и химических производств», заместитель председателя комиссии
B18: Дмитриевский Б.С., доктор технических наук, доцент, профессор кафедры «Информационные процессы и управление», заместитель председателя комиссии
B19: Третьяков А.А., кандидат технических наук, доцент, доцент кафедры «Информационные процессы и управление»
B20: Рухов А.В., доктор технических наук, доцент, зав. кафедрой «Химия и химические технологии», заместитель председателя комиссии
B21: Туголуков Е.Н., доктор технических наук, профессор, профессор кафедры «Техника и технологии производства нанопродуктов»
B22: Карпушкин С.В., доктор технических наук, профессор, профессор кафедры «Компьютерно-интегрированные системы в машиностроении», заместитель председателя комиссии
B23: Алексеев В.В., доктор технических наук, профессор, зав. кафедрой «Информационные системы и защита информации»

Sheet Лист5
A1: СЛУШАЛИ | B1: Прием кандидатского экзамена по дисциплине | C1: Направление | D1: Председатель комиссии: | E1: ФИО | F1: Члены комиссии №1: | G1: ФИО | H1: Члены комиссии №2: | I1: ФИО | J1: ПОСТАНОВИЛИ
A2: ПАВЛИНОВА РОМАНА ЮРЬЕВИЧА | B2: «Иностранный язык» (английский) | C2: Состав комиссии (утверждён приказом ректора университета № 91/1-08 от 24 мая 2022 г.) | D2: Макеева М.Н., доктор филологических наук, профессор, профессор кафедры «Иностранные языки и профессиональная коммуникация» | E2: / М.Н. Макеева / | F2: Гунина Н.А., кандидат филологических наук, доцент, заведующая кафедрой «Иностранные языки и профессиональная коммуникация», заместитель председателя комиссии | G2: / Н.А. Гунина / | H2: Зарапина И.В., кандидат химических наук, доцент, доцент кафедры «Химия и химические технологии» | I2: / И.В. Зарапина / | J2: Павлинов Роман Юрьевич | K2: 1.4.6. Электрохимия, технические науки
A3: АЗАУИ ДУБЛА БАЛЬТАЗАР | D3: Макеева М.Н., доктор филологических наук, профессор, профессор кафедры «Иностранные языки и профессиональная коммуникация» | E3: / М.Н. Макеева / | F3: Гунина Н.А., кандидат филологических наук, доцент, заведующая кафедрой «Иностранные языки и профессиональная коммуникация», заместитель председателя комиссии | G3: / Н.А. Гунина / | H3: Монастырев П.В., доктор технических наук, доцент, директор института архитектуры, строительства и транспорта | I3: / П.В. Монастырев / | J3: Азауи Дубла Бальтазар | K3: 2.1.1. Строительные конструкции, здания и сооружения, технические науки
A4: АУАД МАРИНУ САМИ | D4: Макеева М.Н., доктор филологических наук, профессор, профессор кафедры «Иностранные языки и профессиональная коммуникация» | E4: / М.Н. Макеева / | F4: Гунина Н.А., кандидат филологических наук, доцент, заведующая кафедрой «Иностранные языки и профессиональная коммуникация», заместитель председателя комиссии | G4: / Н.А. Гунина / | H4: Монастырев П.В., доктор технических наук, доцент, директор института архитектуры, строительства и транспорта | I4: / П.В. Монастырев / | J4: Ауад Марина Сами | K4: 2.1.1. Строительные конструкции, здания и сооружения, технические науки
A5: БИН АЛЬШК АМАР МАДЖЕД АБДУЛЛА САИД | D5: Макеева М.Н., доктор филологических наук, профессор, профессор кафедры «Иностранные языки и профессиональная коммуникация» | E5: / М.Н. Макеева / | F5: Гунина Н.А., кандидат филологических наук, доцент, заведующая кафедрой «Иностранные языки и профессиональная коммуникация», заместитель председателя комиссии | G5: / Н.А. Гунина / | H5: Монастырев П.В., доктор технических наук, доцент, директор института архитектуры, строительства и транспорта | I5: / П.В. Монастырев / | J5: Бин Альшк Амар Маджед Абдулла Саид | K5: 2.1.1. Строительные конструкции, здания и сооружения, технические науки
A6: ГОРОХОВА ТИМОФЕЯ ИВАНОВИЧА | D6: Макеева М.Н., доктор филологических наук, профессор, профессор кафедры «Иностранные языки и профессиональная коммуникация» | E6: / М.Н. Макеева / | F6: Гунина Н.А., кандидат филологических наук, доцент, заведующая кафедрой «Иностранные языки и профессиональная коммуникация», заместитель председателя комиссии | G6: / Н.А. Гунина / | H6: Монастырев П.В., доктор технических наук, доцент, директор института архитектуры, строительства и транспорта | I6: / П.В. Монастырев / | J6: Горохов Тимофей Иванович | K6: 2.1.5. Строительные материалы и изделия, технические науки
A7: ДАНИЛОВА ВЛАДИСЛАВА МИХАЙЛОВИЧА | D7: Макеева М.Н., доктор филологических наук, профессор, профессор кафедры «Иностранные языки и профессиональная коммуникация» | E7: / М.Н. Макеева / | F7: Гунина Н.А., кандидат филологических наук, доцент, заведующая кафедрой «Иностранные языки и профессиональная коммуникация», заместитель председателя комиссии | G7: / Н.А. Гунина / | H7: Монастырев П.В., доктор технических наук, доцент, директор института архитектуры, строительства и транспорта | I7: / П.В. Монастырев / | J7: Данилов Владислав Михайлович | K7: 2.1.5. Строительные материалы и изделия, технические науки
A8: ХАМУД АБДУЛСАЛАМ АРЕФ АБДУЛАЗИЗ | D8: Макеева М.Н., доктор филологических наук, профессор, профессор кафедры «Иностранные языки и профессиональная коммуникация» | E8: / М.Н. Макеева / | F8: Гунина Н.А., кандидат филологических наук, доцент, заведующая кафедрой «Иностранные языки и профессиональная коммуникация», заместитель председателя комиссии | G8: / Н.А. Гунина / | H8: Монастырев П.В., доктор технических наук, доцент, директор института архитектуры, строительства и транспорта | I8: / П.В. Монастырев / | J8: Хамуд Абдулсалам Ареф Абдулазиз | K8: 2.1.5. Строительные материалы и изделия, технические науки
A9: ОБУХОВА ИВАНА АНДРЕЕВИЧА | D9: Макеева М.Н., доктор филологических наук, профессор, профессор кафедры «Иностранные языки и профессиональная коммуникация» | E9: / М.Н. Макеева / | F9: Гунина Н.А., кандидат филологических наук, доцент, заведующая кафедрой «Иностранные языки и профессиональная коммуникация», заместитель председателя комиссии | G9: / Н.А. Гунина / | H9: Монастырев П.В., доктор технических наук, доцент, директор института архитектуры, строительства и транспорта | I9: / П.В. Монастырев / | J9: Обухов Иван Андреевич | K9: 2.1.8. Проектирование и строительство дорог, метрополитенов, аэродромов, мостов и транспортных тоннелей, технические науки
A10: АЛЬ-РАММАХИ АЛИ АБИДАЛКАРИМ ХАБИБ | D10: Макеева М.Н., доктор филологических наук, профессор, профессор кафедры «Иностранные языки и профессиональная коммуникация» | E10: / М.Н. Макеева / | F10: Гунина Н.А., кандидат филологических наук, доцент, заведующая кафедрой «Иностранные языки и профессиональная коммуникация», заместитель председателя комиссии | G10: / Н.А. Гунина / | H10: Карпов С.В., кандидат технических наук, доцент, доцент кафедры «Компьютерно-интегрированные системы в машиностроении» | I10: / С.В. Карпов / | J10: Аль-Раммахи Али Абидалкарим Хабиб | K10: 2.3.1. Системный анализ, управление и обработка информации, технические науки
A11: МАТРОХИНА МИХАИЛА АЛЕКСАНДРОВИЧА | D11: Макеева М.Н., доктор филологических наук, профессор, профессор кафедры «Иностранные языки и профессиональная коммуникация» | E11: / М.Н. Макеева / | F11: Гунина Н.А., кандидат филологических наук, доцент, заведующая кафедрой «Иностранные языки и профессиональная коммуникация», заместитель председателя комиссии | G11: / Н.А. Гунина / | H11: Карпов С.В., кандидат технических наук, доцент, доцент кафедры «Компьютерно-интегрированные системы в машиностроении» | I11: / С.В. Карпов / | J11: Матрохин Михаил Александрович | K11: 2.3.1. Системный анализ, управление и обработка информации, технические науки
A12: РАЧКОВУ СВЕТЛАНУ АНАТОЛЬЕВНУ | D12: Макеева М.Н., доктор филологических наук, профессор, профессор кафедры «Иностранные языки и профессиональная коммуникация» | E12: / М.Н. Макеева / | F12: Гунина Н.А., кандидат филологических наук, доцент, заведующая кафедрой «Иностранные языки и профессиональная коммуникация», заместитель председателя комиссии | G12: / Н.А. Гунина / | H12: Карпов С.В., кандидат технических наук, доцент, доцент кафедры «Компьютерно-интегрированные системы в машиностроении» | I12: / С.В. Карпов / | J12: Рачкова Светлана Анатольевна | K12: 2.3.1. Системный анализ, управление и обработка информации, технические науки
A13: САННИКОВА СЕРГЕЯ АНАТОЛЬЕВИЧА | D13: Макеева М.Н., доктор филологических наук, профессор, профессор кафедры «Иностранные языки и профессиональная коммуникация» | E13: / М.Н. Макеева / | F13: Гунина Н.А., кандидат филологических наук, доцент, заведующая кафедрой «Иностранные языки и профессиональная коммуникация», заместитель председателя комиссии | G13: / Н.А. Гунина / | H13: Карпов С.В., кандидат технических наук, доцент, доцент кафедры «Компьютерно-интегрированные системы в машиностроении» | I13: / С.В. Карпов / | J13: Санников Сергей Анатольевич | K13: 2.3.1. Системный анализ, управление и обработка информации, технические науки
A14: САРИ ФАРАХ АББАС ОБАИД | D14: Макеева М.Н., доктор филологических наук, профессор, профессор кафедры «Иностранные языки и профессиональная коммуникация» | E14: / М.Н. Макеева / | F14: Гунина Н.А., кандидат филологических наук, доцент, заведующая кафедрой «Иностранные языки и профессиональная коммуникация», заместитель председателя комиссии | G14: / Н.А. Гунина / | H14: Карпов С.В., кандидат технических наук, доцент, доцент кафедры «Компьютерно-интегрированные системы в машиностроении» | I14: / С.В. Карпов / | J14: Сари Фарах Аббас Обаид | K14: 2.3.1. Системный анализ, управление и обработка информации, технические науки
... A50: КОЖУХОВА НИКИТУ АЛЕКСЕЕВИЧА | D50: Макеева М.Н., доктор филологических наук, профессор, профессор кафедры «Иностранные языки и профессиональная коммуникация» | E50: / М.Н. Макеева / | F50: Гунина Н.А., кандидат филологических наук, доцент, заведующая кафедрой «Иностранные языки и профессиональная коммуникация», заместитель председателя комиссии | G50: / Н.А. Гунина / | H50: Самохин К.В., кандидат исторических наук, доцент, доцент кафедры «История и философия» | I50: / К.В. Самохин / | J50: Кожухов Никита Алексеевич | K50: 5.6.1. Отечественная история, исторические науки

Sheet Лист6
A1: СЛУШАЛИ | B1: Прием кандидатского экзамена по дисциплине | C1: Направление | D1: Председатель комиссии: | E1: ФИО | F1: Члены комиссии №1: | G1: ФИО | H1: Члены комиссии №2: | I1: ФИО | J1: ПОСТАНОВИЛИ
A2: АЛЬ-АМЕРИ САДЖА НАФЕА МОХСИН | B2: Электрохимия | D2: Рухов А.В., доктор технических наук, профессор, заведующий кафедрой «Химия и химические технологии» | E2: / А.В. Рухов / | F2: Дьячкова Т.П., доктор химических наук, профессор, профессор кафедры «техника и технология производства нанопродуктов», заместитель председателя комиссии | G2: / Т.П. Дьячкова / | H2: Зарапина И.В., кандидат химических наук, доцент, доцент кафедры «Химия и химические технологии» | I2: / И.В. Зарапина / | J2: Аль-Амери Саджа Нафеа Мохсин | K2: 1.4.6. Электрохимия, технические науки
A3: РУХОВА АНТОНА ВИКТОРОВИЧА | B3: Электрохимия | D3: Рухов А.В., доктор технических наук, профессор, заведующий кафедрой «Химия и химические технологии» | E3: / А.В. Рухов / | F3: Дьячкова Т.П., доктор химических наук, профессор, профессор кафедры «техника и технология производства нанопродуктов», заместитель председателя комиссии | G3: / Т.П. Дьячкова / | H3: Зарапина И.В., кандидат химических наук, доцент, доцент кафедры «Химия и химические технологии» | I3: / И.В. Зарапина / | J3: Рухов Антон Викторович | K3: 1.4.6. Электрохимия, технические науки
A4: КЕЙТА ЯЯ | B4: Строительные конструкции, здания и сооружения | D4: Монастырев П.В., доктор технических наук, доцент, директор института архитектуры, строительства и транспорта | E4: / П.В. Монастырев / | F4: Леденев В.В., доктор технических наук, профессор, профессор кафедры «Конструкции зданий и сооружений» заместитель председателя комиссии | G4: / В.В. Леденев / | H4: Умнова О.В., кандидат технических наук, доцент, заведующая кафедрой «Конструкции зданий и сооружений» | I4: / О.В. Умнова / | J4: Кейта Яя | K4: 2.1.1. Строительные конструкции, здания и сооружения, технические науки
A5: ХАЙДАР ФАРИС | B5: Строительные конструкции, здания и сооружения | D5: Монастырев П.В., доктор технических наук, доцент, директор института архитектуры, строительства и транспорта | E5: / П.В. Монастырев / | F5: Леденев В.В., доктор технических наук, профессор, профессор кафедры «Конструкции зданий и сооружений» заместитель председателя комиссии | G5: / В.В. Леденев / | H5: Умнова О.В., кандидат технических наук, доцент, заведующая кафедрой «Конструкции зданий и сооружений» | I5: / О.В. Умнова / | J5: Хайдар Фарис | K5: 2.1.1. Строительные конструкции, здания и сооружения, технические науки
A6: КУЗНЕЦОВА ВЛАДИСЛАВА АНДРЕЕВИЧА | B6: Строительные материалы и изделия | D6: Ярцев В.П., доктор технических наук, профессор, профессор кафедры «Конструкции зданий и сооружений» | E6: / В.П. Ярцев / | F6: Ерофеев А.В., кандидат технических наук, доцент, доцент кафедры «Конструкции зданий и сооружений» заместитель председателя комиссии | G6: / А.В. Ерофеев / | H6: Киселева О.А., кандидат технических наук, доцент, доцент кафедры «Конструкции зданий и сооружений» | I6: / О.А. Киселева / | J6: Кузнецов Владислав Андреевич | K6: 2.1.5. Строительные материалы и изделия, технические науки
A7: СЕЛЕЗНЕВА АРТЕМА ДЕНИСОВИЧА | B7: Строительные материалы и изделия | D7: Ярцев В.П., доктор технических наук, профессор, профессор кафедры «Конструкции зданий и сооружений» | E7: / В.П. Ярцев / | F7: Ерофеев А.В., кандидат технических наук, доцент, доцент кафедры «Конструкции зданий и сооружений» заместитель председателя комиссии | G7: / А.В. Ерофеев / | H7: Киселева О.А., кандидат технических наук, доцент, доцент кафедры «Конструкции зданий и сооружений» | I7: / О.А. Киселева / | J7: Селезнев Артем Денисович | K7: 2.1.5. Строительные материалы и изделия, технические науки
A8: МАРТЬЯНОВА ЕВГЕНИЯ ИГОРЕВИЧА | B8: Системный анализ, управление и обработка информации | D8: Алексеев В.В., доктор технических наук, профессор, заведующий кафедрой «Информационные системы и защита информации» | E8: / В.В. Алексеев / | F8: Мокрозуб В.Г. , доктор технических наук, профессор, зав. кафедрой «Компьютерно-интегрированные системы в машиностроении», заместитель председателя комиссии | G8: / В.Г. Мокрозуб / | H8: Егоров С.Я., доктор технических наук, доцент, профессор кафедры «Компьютерно-интегрированные системы в машиностроении» | I8: / В.Я. Егоров / | J8: Мартьянов Евгений Игоревич | K8: 2.3.1. Системный анализ, управление и обработка информации, технические науки
A9: АЛЕЙНИКОВУ КРИСТИНУ АНДРЕЕВНУ | B9: Системный анализ, управление и обработка информации | D9: Алексеев В.В., доктор технических наук, профессор, заведующий кафедрой «Информационные системы и защита информации» | E9: / В.В. Алексеев / | F9: Мокрозуб В.Г. , доктор технических наук, профессор, зав. кафедрой «Компьютерно-интегрированные системы в машиностроении», заместитель председателя комиссии | G9: / В.Г. Мокрозуб / | H9: Егоров С.Я., доктор технических наук, доцент, профессор кафедры «Компьютерно-интегрированные системы в машиностроении» | I9: / В.Я. Егоров / | J9: Алейникова Кристина Андреевна | K9: 2.3.1. Системный анализ, управление и обработка информации, технические науки
A10: ЭЛЬ ЭИССАВИ БАДР ХАЛИЛ МАХМУД | B10: Системный анализ, управление и обработка информации | D10: Алексеев В.В., доктор технических наук, профессор, заведующий кафедрой «Информационные системы и защита информации» | E10: / В.В. Алексеев / | F10: Мокрозуб В.Г. , доктор технических наук, профессор, зав. кафедрой «Компьютерно-интегрированные системы в машиностроении», заместитель председателя комиссии | G10: / В.Г. Мокрозуб / | H10: Егоров С.Я., доктор технических наук, доцент, профессор кафедры «Компьютерно-интегрированные системы в машиностроении» | I10: / В.Я. Егоров / | J10: Эль Эиссави Бадр Халил Махмуд | K10: 2.3.1. Системный анализ, управление и обработка информации, технические науки
A11: ДЕЯБ АЛИ АБДУЛСАХИБ ДЕЯБ | B11: Системный анализ, управление и обработка информации | D11: Алексеев В.В., доктор технических наук, профессор, заведующий кафедрой «Информационные системы и защита информации» | E11: / В.В. Алексеев / | F11: Мокрозуб В.Г. , доктор технических наук, профессор, зав. кафедрой «Компьютерно-интегрированные системы в машиностроении», заместитель председателя комиссии | G11: / В.Г. Мокрозуб / | H11: Егоров С.Я., доктор технических наук, доцент, профессор кафедры «Компьютерно-интегрированные системы в машиностроении» | I11: / В.Я. Егоров / | J11: Деяб Али Абдулсахиб Деяб | K11: 2.3.1. Системный анализ, управление и обработка информации, технические науки
A12: АЛЬ КНФЕР САМЕР НАХИ АЛЬВАН | B12: Автоматизация и управление технологическими процессами и производствами | D12: Матвейкин В.Г., доктор технических наук, профессор, заведующий кафедрой «Информационные процессы и управление» | E12: / В.Г. Матвейкин / | F12: Дмитриевский Б.С., доктор технических наук, профессор, профессор кафедры «Информационные процессы и управление», заместитель председателя комиссии | G12: / Б.С. Дмитриевский / | H12: Третьяков А.А., кандидат технических наук, доцент, доцент кафедры «Информационные процессы и управление» | I12: / А.А. Третьяков / | J12: Аль Кнфер Самер Нахи Альван | K12: 2.3.3. Автоматизация и управление технологическими процессами и производствами, технические науки
A13: НСЕНО-ПЕМБИ ДОН-ЮНИ | B13: Автоматизация и управление технологическими процессами и производствами | D13: Матвейкин В.Г., доктор технических наук, профессор, заведующий кафедрой «Информационные процессы и управление» | E13: / В.Г. Матвейкин / | F13: Дмитриевский Б.С., доктор технических наук, профессор, профессор кафедры «Информационные процессы и управление», заместитель председателя комиссии | G13: / Б.С. Дмитриевский / | H13: Третьяков А.А., кандидат технических наук, доцент, доцент кафедры «Информационные процессы и управление» | I13: / А.А. Третьяков / | J13: Нсено-Пемби Дон-Юни | K13: 2.3.3. Автоматизация и управление технологическими процессами и производствами, технические науки
... A26: НЕПРОКИНА АЛЕКСЕЯ ВЛАДИМИРОВИЧА | B26: Приборы, системы, изделия медицинского назначения | D26: Фролов С.В., доктор технических наук, профессор, заведующий кафедрой «Биомедицинская техника» | E26: / С.В. Фролов / | F26: Проскурин С.Г., доктор технических наук, доцент, профессор кафедры «Биомедицинская техника», заместитель председателя комиссии | G26: / С.Г. Проскурин / | H26: Дубровин В.В., кандидат технических наук, доцент, доцент кафедры «Биомедицинская техника» | I26: / В.В. Дубровин / | J26: Непрокин Алексей Владимирович | K26: 2.2.12. Приборы, системы и изделия медицинского назначения, технические науки
A27: БОНДАРЕНКО ДМИТРИЯ АНДРЕЕВИЧА | D27: Муромцев Д.Ю., доктор технических наук, профессор, проректор по научной работе | E27: / Д.Ю. Муромцев / | F27: Селиванова З.М., доктор технических наук, профессор, профессор кафедры «Конструирование радиоэлектронных и микропроцессорных систем», заместитель председателя комиссии | G27: / З.М. Селиванова / | H27: Павлов В.И., доктор технических наук, профессор, профессор кафедры «Конструирование радиоэлектронных и микропроцессорных систем» | I27: / В.И. Павлов / | J27: Бондаренко Дмитрий Андреевич | K27: 2.2.11. Информационно-измерительные и управляющие системы, технические науки
A28: СКОПИНОВУ АНАСТАСИЮ ВЛАДИМИРОВНУ | D28: Муромцев Д.Ю., доктор технических наук, профессор, проректор по научной работе | E28: / Д.Ю. Муромцев / | F28: Селиванова З.М., доктор технических наук, профессор, профессор кафедры «Конструирование радиоэлектронных и микропроцессорных систем», заместитель председателя комиссии | G28: / З.М. Селиванова / | H28: Павлов В.И., доктор технических наук, профессор, профессор кафедры «Конструирование радиоэлектронных и микропроцессорных систем» | I28: / В.И. Павлов / | J28: Скопинова Анастасия Владимировна | K28: 2.2.11. Информационно-измерительные и управляющие системы, технические науки
A29: ФИЛИППОВА ДАНИЛА ВЛАДИМИРОВИЧА | D29: Муромцев Д.Ю., доктор технических наук, профессор, проректор по научной работе | E29: / Д.Ю. Муромцев / | F29: Селиванова З.М., доктор технических наук, профессор, профессор кафедры «Конструирование радиоэлектронных и микропроцессорных систем», заместитель председателя комиссии | G29: / З.М. Селиванова / | H29: Павлов В.И., доктор технических наук, профессор, профессор кафедры «Конструирование радиоэлектронных и микропроцессорных систем» | I29: / В.И. Павлов / | J29: Филиппов Данил Владимирович | K29: 2.2.11. Информационно-измерительные и управляющие системы, технические науки
A30: БЕЛАРУССИ УССАМА | B30: Электротехнические комплексы и системы | D30: Калинин В.Ф., доктор технических наук, профессор, профессор кафедры «Электроэнергетика» | E30: / В.Ф. Калинин / | F30: Кобелев А.В., кандидат технических наук, доцент, заведующий кафедрой «Электроэнергетика», заместитель председателя комиссии | G30: / А.В. Кобелев / | H30: Иванов В.М., кандидат физико-математических, профессор, профессор кафедры «Электроэнергетика» | I30: / В.М. Иванов / | J30: Беларусси Уссама | K30: 2.4.2. Электротехнические комплексы и системы, технические науки
A31: ЗАЙЦЕВА ИГОРЯ АНАТОЛЬЕВИЧА | B31: Машины, агрегаты и процессы | D31: Ткачев А.Г., доктор технических наук, профессор, заведующий кафедрой «Техника и технологии производства нанопродуктов» | E31: / А.Г. Ткачев / | F31: Першин В.Ф., доктор технических наук, профессор, профессор кафедры «Техника и технологии производства нанопродуктов», заместитель председателя комиссии | G31: / В.Ф. Першин / | H31: Промтов М.А., доктор технических наук, профессор, профессор кафедры «Технологические процессы, аппараты и техносферная безопасность» | I31: / М.А. Промтов / | J31: Зайцев Игорь Анатольевич | K31: 2.5.21. Машины, агрегаты и технологические процессы, технические науки
A32: КУРНОСОВА ДМИТРИЯ АЛЕКСАНДРОВИЧА | B32: Машины, агрегаты и процессы | D32: Ткачев А.Г., доктор технических наук, профессор, заведующий кафедрой «Техника и технологии производства нанопродуктов» | E32: / А.Г. Ткачев / | F32: Першин В.Ф., доктор технических наук, профессор, профессор кафедры «Техника и технологии производства нанопродуктов», заместитель председателя комиссии | G32: / В.Ф. Першин / | H32: Промтов М.А., доктор технических наук, профессор, профессор кафедры «Технологические процессы, аппараты и техносферная безопасность» | I32: / М.А. Промтов / | J32: Курносов Дмитрий Александрович | K32: 2.5.21. Машины, агрегаты и технологические процессы, технические науки
A33: МАНСУР ВАСЕМ | B33: Машины, агрегаты и процессы | D33: Ткачев А.Г., доктор технических наук, профессор, заведующий кафедрой «Техника и технологии производства нанопродуктов» | E33: / А.Г. Ткачев / | F33: Першин В.Ф., доктор технических наук, профессор, профессор кафедры «Техника и технологии производства нанопродуктов», заместитель председателя комиссии | G33: / В.Ф. Першин / | H33: Промтов М.А., доктор технических наук, профессор, профессор кафедры «Технологические процессы, аппараты и техносферная безопасность» | I33: / М.А. Промтов / | J33: Мансур Васем | K33: 2.5.21. Машины, агрегаты и технологические процессы, технические науки
A34: БАИТИ АДЕЛЬ | B34: Машины, агрегаты и процессы | D34: Ткачев А.Г., доктор технических наук, профессор, заведующий кафедрой «Техника и технологии производства нанопродуктов» | E34: / А.Г. Ткачев / | F34: Першин В.Ф., доктор технических наук, профессор, профессор кафедры «Техника и технологии производства нанопродуктов», заместитель председателя комиссии | G34: / В.Ф. Першин / | H34: Промтов М.А., доктор технических наук, профессор, профессор кафедры «Технологические процессы, аппараты и техносферная безопасность» | I34: / М.А. Промтов / | J34: Баити Адель | K34: 2.5.21. Машины, агрегаты и технологические процессы, технические науки
A35: КОТЕНЕВА СЕРГЕЯ ИГОРЕВИЧА | B35: Технология электрохимических процессов и защита от коррозии | D35: Лазарев С.И., доктор технических наук, профессор, директор научно- образовательного центра в области безотходных и малоотходных технологий | E35: / С.И. Лазарев / | F35: Абоносимов О.А., доктор технических наук, доцент, научный сотрудник научно-образовательного центра в области безотходных и малоотходных технологий, заместитель председателя комиссии | G35: / О.А. Абоносимов / | H35: Зарапина И.В., кандидат химических наук, доцент, доцент кафедры «Химия и химические технологии» | I35: / И.В. Зарапина / | J35: Котенев Сергей Игоревич | K35: 2.6.9. Технология электрохимических процессов и защита от коррозии, технические науки
A36: ЛАЗАРЕВА ДМИТРИЯ СЕРГЕЕВИЧА | B36: Технология электрохимических процессов и защита от коррозии | D36: Лазарев С.И., доктор технических наук, профессор, директор научно- образовательного центра в области безотходных и малоотходных технологий | E36: / С.И. Лазарев / | F36: Абоносимов О.А., доктор технических наук, доцент, научный сотрудник научно-образовательного центра в области безотходных и малоотходных технологий, заместитель председателя комиссии | G36: / О.А. Абоносимов / | H36: Зарапина И.В., кандидат химических наук, доцент, доцент кафедры «Химия и химические технологии» | I36: / И.В. Зарапина / | J36: Лазарев Дмитрий Сергеевич | K36: 2.6.9. Технология электрохимических процессов и защита от коррозии, технические науки
A37: ЛУА ПЕПЕ | B37: Технология электрохимических процессов и защита от коррозии | D37: Лазарев С.И., доктор технических наук, профессор, директор научно- образовательного центра в области безотходных и малоотходных технологий | E37: / С.И. Лазарев / | F37: Абоносимов О.А., доктор технических наук, доцент, научный сотрудник научно-образовательного центра в области безотходных и малоотходных технологий, заместитель председателя комиссии | G37: / О.А. Абоносимов / | H37: Зарапина И.В., кандидат химических наук, доцент, доцент кафедры «Химия и химические технологии» | I37: / И.В. Зарапина / | J37: Луа Пепе | K37: 2.6.9. Технология электрохимических процессов и защита от коррозии, технические науки
A38: ЕСЬКОВА ВЛАДИМИРА АЛЕКСАНДРОВИЧА | B38: Процессы и аппараты химической технологии | D38: Гатапова Н.Ц., доктор технических наук, профессор, заведующая кафедрой «Технологические процессы, аппараты и техносферная безопасность» | E38: / Н.Ц. Гатапова / | F38: Туголуков Е.Н., доктор технических наук, профессор, профессор кафедры «Техника и технологии производства нанопродуктов», заместитель председателя комиссии | G38: / Е.Н. Туголуков / | H38: Пахомов А.Н., доктор технических наук, доцент, доцент кафедры «Технологические процессы, аппараты и техносферная безопасность» | I38: / А.Н. Пахомов / | J38: Еськов Владимир Александрович | K38: 2.6.13. Процессы и аппараты химических технологий, технические науки
A39: МКРТЧЯН ЭЛИНУ СААКОВНУ | B39: Процессы и аппараты химической технологии | D39: Гатапова Н.Ц., доктор технических наук, профессор, заведующая кафедрой «Технологические процессы, аппараты и техносферная безопасность» | E39: / Н.Ц. Гатапова / | F39: Туголуков Е.Н., доктор технических наук, профессор, профессор кафедры «Техника и технологии производства нанопродуктов», заместитель председателя комиссии | G39: / Е.Н. Туголуков / | H39: Пахомов А.Н., доктор технических наук, доцент, доцент кафедры «Технологические процессы, аппараты и техносферная безопасность» | I39: / А.Н. Пахомов / | J39: Мкртчян Элина Сааковна | K39: 2.6.13. Процессы и аппараты химических технологий, технические науки
A40: УСТИНСКУЮ ЯНУ ВИТАЛЬЕВНУ | B40: Процессы и аппараты химической технологии | D40: Гатапова Н.Ц., доктор технических наук, профессор, заведующая кафедрой «Технологические процессы, аппараты и техносферная безопасность» | E40: / Н.Ц. Гатапова / | F40: Туголуков Е.Н., доктор технических наук, профессор, профессор кафедры «Техника и технологии производства нанопродуктов», заместитель председателя комиссии | G40: / Е.Н. Туголуков / | H40: Пахомов А.Н., доктор технических наук, доцент, доцент кафедры «Технологические процессы, аппараты и техносферная безопасность» | I40: / А.Н. Пахомов / | J40: Устинская Яна Витальевна | K40: 2.6.13. Процессы и аппараты химических технологий, технические науки
A41: КОХ-ТАТАРЕНКО ВАДИМА СТАНИСЛАВОВИЧА | B41: Процессы и аппараты химической технологии | D41: Гатапова Н.Ц., доктор технических наук, профессор, заведующая кафедрой «Технологические процессы, аппараты и техносферная безопасность» | E41: / Н.Ц. Гатапова / | F41: Туголуков Е.Н., доктор технических наук, профессор, профессор кафедры «Техника и технологии производства нанопродуктов», заместитель председателя комиссии | G41: / Е.Н. Туголуков / | H41: Пахомов А.Н., доктор технических наук, доцент, доцент кафедры «Технологические процессы, аппараты и техносферная безопасность» | I41: / А.Н. Пахомов / | J41: Кох-Татаренко Вадим Станиславович | K41: 2.6.13. Процессы и аппараты химических технологий, технические науки
... A49: ПОДЛЕСНОВА ВЛАДИМИРА ИЛЬИЧА | B49: Отечественная история | D49: Слезин А.А., доктор исторических наук, профессор, зав. кафедрой «История и философия» | E49: / А.А. Слезин / | F49: Безгин В.Б., доктор исторических наук, профессор, профессор кафедры «История и философия», заместитель председателя комиссии | G49: / В.Б. Безгин / | H49: Самохин К.В., кандидат исторических наук, доцент, доцент кафедры «История и философия» | I49: / К.В. Самохин / | J49: Подлеснов Владимир Ильич | K49: 5.6.1. Отечественная история, исторические науки
